"times";"sens";"TSL_mean";"RSL_mean";"Rgage";"freq";"length";"cfakr";"cfbkr";"link";"gage";"dist";"code";"company"
2021-08-28 00:10:00;"290 A-B";5;-52.7;0;14.5;1.02;0.0473;1.1022;"10G_MPR_NDOGBONG_3 - MPR_MISSOKE_UNIVERSITE_1";"Meteo_IUT";0.1935786714251;290;"Orange"
2021-08-28 00:25:00;"290 A-B";5;-52.7;0;14.5;1.02;0.0473;1.1022;"10G_MPR_NDOGBONG_3 - MPR_MISSOKE_UNIVERSITE_1";"Meteo_IUT";0.1935786714251;290;"Orange"
2021-08-28 00:40:00;"290 A-B";5;-52.7;0;14.5;1.02;0.0473;1.1022;"10G_MPR_NDOGBONG_3 - MPR_MISSOKE_UNIVERSITE_1";"Meteo_IUT";0.1935786714251;290;"Orange"
2021-08-28 00:55:00;"290 A-B";5;-52.8;0;14.5;1.02;0.0473;1.1022;"10G_MPR_NDOGBONG_3 - MPR_MISSOKE_UNIVERSITE_1";"Meteo_IUT";0.1935786714251;290;"Orange"
2021-08-28 01:10:00;"290 A-B";5;-52.9;0;14.5;1.02;0.0473;1.1022;"10G_MPR_NDOGBONG_3 - MPR_MISSOKE_UNIVERSITE_1";"Meteo_IUT";0.1935786714251;290;"Orange"
2021-08-28 01:25:00;"290 A-B";5;-52.9;0;14.5;1.02;0.0473;1.1022;"10G_MPR_NDOGBONG_3 - MPR_MISSOKE_UNIVERSITE_1";"Meteo_IUT";0.1935786714251;290;"Orange"
2021-08-28 01:40:00;"290 A-B";5;-52.9;0;14.5;1.02;0.0473;1.1022;"10G_MPR_NDOGBONG_3 - MPR_MISSOKE_UNIVERSITE_1";"Meteo_IUT";0.1935786714251;290;"Orange"
2021-08-28 01:55:00;"290 A-B";5;-53.1;0.8;14.5;1.02;0.0473;1.1022;"10G_MPR_NDOGBONG_3 - MPR_MISSOKE_UNIVERSITE_1";"Meteo_IUT";0.1935786714251;290;"Orange"
2021-08-28 02:10:00;"290 A-B";5;-53.5;2.4;14.5;1.02;0.0473;1.1022;"10G_MPR_NDOGBONG_3 - MPR_MISSOKE_UNIVERSITE_1";"Meteo_IUT";0.1935786714251;290;"Orange"
2021-08-28 02:25:00;"290 A-B";5;-53.5;0.8;14.5;1.02;0.0473;1.1022;"10G_MPR_NDOGBONG_3 - MPR_MISSOKE_UNIVERSITE_1";"Meteo_IUT";0.1935786714251;290;"Orange"
2021-08-28 02:40:00;"290 A-B";5;-53.2;0;14.5;1.02;0.0473;1.1022;"10G_MPR_NDOGBONG_3 - MPR_MISSOKE_UNIVERSITE_1";"Meteo_IUT";0.1935786714251;290;"Orange"
2021-08-28 02:55:00;"290 A-B";5;-53.2;0;14.5;1.02;0.0473;1.1022;"10G_MPR_NDOGBONG_3 - MPR_MISSOKE_UNIVERSITE_1";"Meteo_IUT";0.1935786714251;290;"Orange"
2021-08-28 03:10:00;"290 A-B";5;-53.1;0;14.5;1.02;0.0473;1.1022;"10G_MPR_NDOGBONG_3 - MPR_MISSOKE_UNIVERSITE_1";"Meteo_IUT";0.1935786714251;290;"Orange"
2021-08-28 03:25:00;"290 A-B";5;-53.1;0;14.5;1.02;0.0473;1.1022;"10G_MPR_NDOGBONG_3 - MPR_MISSOKE_UNIVERSITE_1";"Meteo_IUT";0.1935786714251;290;"Orange"
2021-08-28 03:40:00;"290 A-B";5;-53;0;14.5;1.02;0.0473;1.1022;"10G_MPR_NDOGBONG_3 - MPR_MISSOKE_UNIVERSITE_1";"Meteo_IUT";0.1935786714251;290;"Orange"
2021-08-28 03:55:00;"290 A-B";5;-53.1;0;14.5;1.02;0.0473;1.1022;"10G_MPR_NDOGBONG_3 - MPR_MISSOKE_UNIVERSITE_1";"Meteo_IUT";0.1935786714251;290;"Orange"
2021-08-28 04:10:00;"290 A-B";5;-53;0;14.5;1.02;0.0473;1.1022;"10G_MPR_NDOGBONG_3 - MPR_MISSOKE_UNIVERSITE_1";"Meteo_IUT";0.1935786714251;290;"Orange"
2021-08-28 04:25:00;"290 A-B";5;-53;0;14.5;1.02;0.0473;1.1022;"10G_MPR_NDOGBONG_3 - MPR_MISSOKE_UNIVERSITE_1";"Meteo_IUT";0.1935786714251;290;"Orange"
2021-08-28 04:40:00;"290 A-B";5;-53;0;14.5;1.02;0.0473;1.1022;"10G_MPR_NDOGBONG_3 - MPR_MISSOKE_UNIVERSITE_1";"Meteo_IUT";0.1935786714251;290;"Orange"
2021-08-28 04:55:00;"290 A-B";5;-53;0;14.5;1.02;0.0473;1.1022;"10G_MPR_NDOGBONG_3 - MPR_MISSOKE_UNIVERSITE_1";"Meteo_IUT";0.1935786714251;290;"Orange"
2021-08-28 05:10:00;"290 A-B";5;-53;0;14.5;1.02;0.0473;1.1022;"10G_MPR_NDOGBONG_3 - MPR_MISSOKE_UNIVERSITE_1";"Meteo_IUT";0.1935786714251;290;"Orange"
2021-08-28 05:25:00;"290 A-B";5;-53;0;14.5;1.02;0.0473;1.1022;"10G_MPR_NDOGBONG_3 - MPR_MISSOKE_UNIVERSITE_1";"Meteo_IUT";0.1935786714251;290;"Orange"
2021-08-28 05:40:00;"290 A-B";5;-53;0;14.5;1.02;0.0473;1.1022;"10G_MPR_NDOGBONG_3 - MPR_MISSOKE_UNIVERSITE_1";"Meteo_IUT";0.1935786714251;290;"Orange"
2021-08-28 05:55:00;"290 A-B";5;-53;0;14.5;1.02;0.0473;1.1022;"10G_MPR_NDOGBONG_3 - MPR_MISSOKE_UNIVERSITE_1";"Meteo_IUT";0.1935786714251;290;"Orange"
2021-08-28 06:10:00;"290 A-B";5;-53;0;14.5;1.02;0.0473;1.1022;"10G_MPR_NDOGBONG_3 - MPR_MISSOKE_UNIVERSITE_1";"Meteo_IUT";0.1935786714251;290;"Orange"
2021-08-28 06:25:00;"290 A-B";5.2;-53.5;3.2;14.5;1.02;0.0473;1.1022;"10G_MPR_NDOGBONG_3 - MPR_MISSOKE_UNIVERSITE_1";"Meteo_IUT";0.1935786714251;290;"Orange"
2021-08-28 06:40:00;"290 A-B";5;-53.2;0;14.5;1.02;0.0473;1.1022;"10G_MPR_NDOGBONG_3 - MPR_MISSOKE_UNIVERSITE_1";"Meteo_IUT";0.1935786714251;290;"Orange"
2021-08-28 06:55:00;"290 A-B";5;-53;0;14.5;1.02;0.0473;1.1022;"10G_MPR_NDOGBONG_3 - MPR_MISSOKE_UNIVERSITE_1";"Meteo_IUT";0.1935786714251;290;"Orange"
2021-08-28 07:10:00;"290 A-B";5.6;-53.4;3.2;14.5;1.02;0.0473;1.1022;"10G_MPR_NDOGBONG_3 - MPR_MISSOKE_UNIVERSITE_1";"Meteo_IUT";0.1935786714251;290;"Orange"
2021-08-28 07:25:00;"290 A-B";5.3;-54.2;23.2;14.5;1.02;0.0473;1.1022;"10G_MPR_NDOGBONG_3 - MPR_MISSOKE_UNIVERSITE_1";"Meteo_IUT";0.1935786714251;290;"Orange"
2021-08-28 07:40:00;"290 A-B";5;-53.3;0;14.5;1.02;0.0473;1.1022;"10G_MPR_NDOGBONG_3 - MPR_MISSOKE_UNIVERSITE_1";"Meteo_IUT";0.1935786714251;290;"Orange"
2021-08-28 07:55:00;"290 A-B";5;-53;0;14.5;1.02;0.0473;1.1022;"10G_MPR_NDOGBONG_3 - MPR_MISSOKE_UNIVERSITE_1";"Meteo_IUT";0.1935786714251;290;"Orange"
2021-08-28 08:10:00;"290 A-B";5;-52.9;0.8;14.5;1.02;0.0473;1.1022;"10G_MPR_NDOGBONG_3 - MPR_MISSOKE_UNIVERSITE_1";"Meteo_IUT";0.1935786714251;290;"Orange"
2021-08-28 08:25:00;"290 A-B";5;-52.9;0;14.5;1.02;0.0473;1.1022;"10G_MPR_NDOGBONG_3 - MPR_MISSOKE_UNIVERSITE_1";"Meteo_IUT";0.1935786714251;290;"Orange"
2021-08-28 08:40:00;"290 A-B";5;-53;0;14.5;1.02;0.0473;1.1022;"10G_MPR_NDOGBONG_3 - MPR_MISSOKE_UNIVERSITE_1";"Meteo_IUT";0.1935786714251;290;"Orange"
2021-08-28 08:55:00;"290 A-B";5;-52.9;0;14.5;1.02;0.0473;1.1022;"10G_MPR_NDOGBONG_3 - MPR_MISSOKE_UNIVERSITE_1";"Meteo_IUT";0.1935786714251;290;"Orange"
2021-08-28 09:10:00;"290 A-B";5;-52.9;0;14.5;1.02;0.0473;1.1022;"10G_MPR_NDOGBONG_3 - MPR_MISSOKE_UNIVERSITE_1";"Meteo_IUT";0.1935786714251;290;"Orange"
2021-08-28 09:25:00;"290 A-B";5;-53;0;14.5;1.02;0.0473;1.1022;"10G_MPR_NDOGBONG_3 - MPR_MISSOKE_UNIVERSITE_1";"Meteo_IUT";0.1935786714251;290;"Orange"
2021-08-28 09:40:00;"290 A-B";5;-53;0;14.5;1.02;0.0473;1.1022;"10G_MPR_NDOGBONG_3 - MPR_MISSOKE_UNIVERSITE_1";"Meteo_IUT";0.1935786714251;290;"Orange"
2021-08-28 09:55:00;"290 A-B";5;-52.9;0;14.5;1.02;0.0473;1.1022;"10G_MPR_NDOGBONG_3 - MPR_MISSOKE_UNIVERSITE_1";"Meteo_IUT";0.1935786714251;290;"Orange"
2021-08-28 10:10:00;"290 A-B";5;-52.9;0;14.5;1.02;0.0473;1.1022;"10G_MPR_NDOGBONG_3 - MPR_MISSOKE_UNIVERSITE_1";"Meteo_IUT";0.1935786714251;290;"Orange"
2021-08-28 10:25:00;"290 A-B";5;-52.8;0;14.5;1.02;0.0473;1.1022;"10G_MPR_NDOGBONG_3 - MPR_MISSOKE_UNIVERSITE_1";"Meteo_IUT";0.1935786714251;290;"Orange"
2021-08-28 10:40:00;"290 A-B";5;-52.9;0;14.5;1.02;0.0473;1.1022;"10G_MPR_NDOGBONG_3 - MPR_MISSOKE_UNIVERSITE_1";"Meteo_IUT";0.1935786714251;290;"Orange"
2021-08-28 10:55:00;"290 A-B";5;-52.9;0;14.5;1.02;0.0473;1.1022;"10G_MPR_NDOGBONG_3 - MPR_MISSOKE_UNIVERSITE_1";"Meteo_IUT";0.1935786714251;290;"Orange"
2021-08-28 11:10:00;"290 A-B";5;-52.9;0;14.5;1.02;0.0473;1.1022;"10G_MPR_NDOGBONG_3 - MPR_MISSOKE_UNIVERSITE_1";"Meteo_IUT";0.1935786714251;290;"Orange"
2021-08-28 11:25:00;"290 A-B";5;-52.9;0;14.5;1.02;0.0473;1.1022;"10G_MPR_NDOGBONG_3 - MPR_MISSOKE_UNIVERSITE_1";"Meteo_IUT";0.1935786714251;290;"Orange"
2021-08-28 11:40:00;"290 A-B";5;-52.9;0;14.5;1.02;0.0473;1.1022;"10G_MPR_NDOGBONG_3 - MPR_MISSOKE_UNIVERSITE_1";"Meteo_IUT";0.1935786714251;290;"Orange"
2021-08-28 11:55:00;"290 A-B";5;-52.9;0;14.5;1.02;0.0473;1.1022;"10G_MPR_NDOGBONG_3 - MPR_MISSOKE_UNIVERSITE_1";"Meteo_IUT";0.1935786714251;290;"Orange"
2021-08-28 12:10:00;"290 A-B";NA;NA;0;14.5;1.02;0.0473;1.1022;"10G_MPR_NDOGBONG_3 - MPR_MISSOKE_UNIVERSITE_1";"Meteo_IUT";0.1935786714251;290;"Orange"
2021-08-28 12:25:00;"290 A-B";5;-52.9;0;14.5;1.02;0.0473;1.1022;"10G_MPR_NDOGBONG_3 - MPR_MISSOKE_UNIVERSITE_1";"Meteo_IUT";0.1935786714251;290;"Orange"
2021-08-28 12:40:00;"290 A-B";5;-52.9;0;14.5;1.02;0.0473;1.1022;"10G_MPR_NDOGBONG_3 - MPR_MISSOKE_UNIVERSITE_1";"Meteo_IUT";0.1935786714251;290;"Orange"
2021-08-28 12:55:00;"290 A-B";5;-52.9;0;14.5;1.02;0.0473;1.1022;"10G_MPR_NDOGBONG_3 - MPR_MISSOKE_UNIVERSITE_1";"Meteo_IUT";0.1935786714251;290;"Orange"
2021-08-28 13:10:00;"290 A-B";5;-52.9;0;14.5;1.02;0.0473;1.1022;"10G_MPR_NDOGBONG_3 - MPR_MISSOKE_UNIVERSITE_1";"Meteo_IUT";0.1935786714251;290;"Orange"
2021-08-28 13:25:00;"290 A-B";5;-52.9;0;14.5;1.02;0.0473;1.1022;"10G_MPR_NDOGBONG_3 - MPR_MISSOKE_UNIVERSITE_1";"Meteo_IUT";0.1935786714251;290;"Orange"
2021-08-28 13:40:00;"290 A-B";5;-53;0;14.5;1.02;0.0473;1.1022;"10G_MPR_NDOGBONG_3 - MPR_MISSOKE_UNIVERSITE_1";"Meteo_IUT";0.1935786714251;290;"Orange"
2021-08-28 13:55:00;"290 A-B";5;-52.9;0;14.5;1.02;0.0473;1.1022;"10G_MPR_NDOGBONG_3 - MPR_MISSOKE_UNIVERSITE_1";"Meteo_IUT";0.1935786714251;290;"Orange"
2021-08-28 14:10:00;"290 A-B";5;-52.9;0;14.5;1.02;0.0473;1.1022;"10G_MPR_NDOGBONG_3 - MPR_MISSOKE_UNIVERSITE_1";"Meteo_IUT";0.1935786714251;290;"Orange"
2021-08-28 14:25:00;"290 A-B";5;-52.8;0;14.5;1.02;0.0473;1.1022;"10G_MPR_NDOGBONG_3 - MPR_MISSOKE_UNIVERSITE_1";"Meteo_IUT";0.1935786714251;290;"Orange"
2021-08-28 14:40:00;"290 A-B";5;-52.8;0;14.5;1.02;0.0473;1.1022;"10G_MPR_NDOGBONG_3 - MPR_MISSOKE_UNIVERSITE_1";"Meteo_IUT";0.1935786714251;290;"Orange"
2021-08-28 14:55:00;"290 A-B";NA;NA;0;14.5;1.02;0.0473;1.1022;"10G_MPR_NDOGBONG_3 - MPR_MISSOKE_UNIVERSITE_1";"Meteo_IUT";0.1935786714251;290;"Orange"
2021-08-28 15:10:00;"290 A-B";5;-52.8;0;14.5;1.02;0.0473;1.1022;"10G_MPR_NDOGBONG_3 - MPR_MISSOKE_UNIVERSITE_1";"Meteo_IUT";0.1935786714251;290;"Orange"
2021-08-28 15:25:00;"290 A-B";5;-52.8;0;14.5;1.02;0.0473;1.1022;"10G_MPR_NDOGBONG_3 - MPR_MISSOKE_UNIVERSITE_1";"Meteo_IUT";0.1935786714251;290;"Orange"
2021-08-28 15:40:00;"290 A-B";5;-52.8;0;14.5;1.02;0.0473;1.1022;"10G_MPR_NDOGBONG_3 - MPR_MISSOKE_UNIVERSITE_1";"Meteo_IUT";0.1935786714251;290;"Orange"
2021-08-28 15:55:00;"290 A-B";5;-52.7;0;14.5;1.02;0.0473;1.1022;"10G_MPR_NDOGBONG_3 - MPR_MISSOKE_UNIVERSITE_1";"Meteo_IUT";0.1935786714251;290;"Orange"
2021-08-28 16:10:00;"290 A-B";5;-52.7;0;14.5;1.02;0.0473;1.1022;"10G_MPR_NDOGBONG_3 - MPR_MISSOKE_UNIVERSITE_1";"Meteo_IUT";0.1935786714251;290;"Orange"
2021-08-28 16:25:00;"290 A-B";5;-52.7;0;14.5;1.02;0.0473;1.1022;"10G_MPR_NDOGBONG_3 - MPR_MISSOKE_UNIVERSITE_1";"Meteo_IUT";0.1935786714251;290;"Orange"
2021-08-28 16:40:00;"290 A-B";NA;NA;0;14.5;1.02;0.0473;1.1022;"10G_MPR_NDOGBONG_3 - MPR_MISSOKE_UNIVERSITE_1";"Meteo_IUT";0.1935786714251;290;"Orange"
2021-08-28 16:55:00;"290 A-B";5;-52.6;0;14.5;1.02;0.0473;1.1022;"10G_MPR_NDOGBONG_3 - MPR_MISSOKE_UNIVERSITE_1";"Meteo_IUT";0.1935786714251;290;"Orange"
2021-08-28 17:10:00;"290 A-B";5;-52.6;0;14.5;1.02;0.0473;1.1022;"10G_MPR_NDOGBONG_3 - MPR_MISSOKE_UNIVERSITE_1";"Meteo_IUT";0.1935786714251;290;"Orange"
2021-08-28 17:25:00;"290 A-B";5;-52.6;0;14.5;1.02;0.0473;1.1022;"10G_MPR_NDOGBONG_3 - MPR_MISSOKE_UNIVERSITE_1";"Meteo_IUT";0.1935786714251;290;"Orange"
2021-08-28 17:40:00;"290 A-B";5;-52.6;0;14.5;1.02;0.0473;1.1022;"10G_MPR_NDOGBONG_3 - MPR_MISSOKE_UNIVERSITE_1";"Meteo_IUT";0.1935786714251;290;"Orange"
2021-08-28 17:55:00;"290 A-B";NA;NA;0;14.5;1.02;0.0473;1.1022;"10G_MPR_NDOGBONG_3 - MPR_MISSOKE_UNIVERSITE_1";"Meteo_IUT";0.1935786714251;290;"Orange"
2021-08-28 18:10:00;"290 A-B";NA;NA;0;14.5;1.02;0.0473;1.1022;"10G_MPR_NDOGBONG_3 - MPR_MISSOKE_UNIVERSITE_1";"Meteo_IUT";0.1935786714251;290;"Orange"
2021-08-28 18:25:00;"290 A-B";NA;NA;0;14.5;1.02;0.0473;1.1022;"10G_MPR_NDOGBONG_3 - MPR_MISSOKE_UNIVERSITE_1";"Meteo_IUT";0.1935786714251;290;"Orange"
2021-08-28 18:40:00;"290 A-B";5;-52.6;0;14.5;1.02;0.0473;1.1022;"10G_MPR_NDOGBONG_3 - MPR_MISSOKE_UNIVERSITE_1";"Meteo_IUT";0.1935786714251;290;"Orange"
2021-08-28 18:55:00;"290 A-B";NA;NA;0;14.5;1.02;0.0473;1.1022;"10G_MPR_NDOGBONG_3 - MPR_MISSOKE_UNIVERSITE_1";"Meteo_IUT";0.1935786714251;290;"Orange"
2021-08-28 19:10:00;"290 A-B";NA;NA;0;14.5;1.02;0.0473;1.1022;"10G_MPR_NDOGBONG_3 - MPR_MISSOKE_UNIVERSITE_1";"Meteo_IUT";0.1935786714251;290;"Orange"
2021-08-28 19:25:00;"290 A-B";5;-52.6;0;14.5;1.02;0.0473;1.1022;"10G_MPR_NDOGBONG_3 - MPR_MISSOKE_UNIVERSITE_1";"Meteo_IUT";0.1935786714251;290;"Orange"
2021-08-28 19:40:00;"290 A-B";NA;NA;0;14.5;1.02;0.0473;1.1022;"10G_MPR_NDOGBONG_3 - MPR_MISSOKE_UNIVERSITE_1";"Meteo_IUT";0.1935786714251;290;"Orange"
2021-08-28 19:55:00;"290 A-B";NA;NA;0;14.5;1.02;0.0473;1.1022;"10G_MPR_NDOGBONG_3 - MPR_MISSOKE_UNIVERSITE_1";"Meteo_IUT";0.1935786714251;290;"Orange"
2021-08-28 20:10:00;"290 A-B";NA;NA;0;14.5;1.02;0.0473;1.1022;"10G_MPR_NDOGBONG_3 - MPR_MISSOKE_UNIVERSITE_1";"Meteo_IUT";0.1935786714251;290;"Orange"
2021-08-28 20:25:00;"290 A-B";NA;NA;0;14.5;1.02;0.0473;1.1022;"10G_MPR_NDOGBONG_3 - MPR_MISSOKE_UNIVERSITE_1";"Meteo_IUT";0.1935786714251;290;"Orange"
2021-08-28 20:40:00;"290 A-B";NA;NA;0.8;14.5;1.02;0.0473;1.1022;"10G_MPR_NDOGBONG_3 - MPR_MISSOKE_UNIVERSITE_1";"Meteo_IUT";0.1935786714251;290;"Orange"
2021-08-28 20:55:00;"290 A-B";5;-52.8;0;14.5;1.02;0.0473;1.1022;"10G_MPR_NDOGBONG_3 - MPR_MISSOKE_UNIVERSITE_1";"Meteo_IUT";0.1935786714251;290;"Orange"
2021-08-28 21:10:00;"290 A-B";5;-52.8;0;14.5;1.02;0.0473;1.1022;"10G_MPR_NDOGBONG_3 - MPR_MISSOKE_UNIVERSITE_1";"Meteo_IUT";0.1935786714251;290;"Orange"
2021-08-28 21:25:00;"290 A-B";5;-52.8;0;14.5;1.02;0.0473;1.1022;"10G_MPR_NDOGBONG_3 - MPR_MISSOKE_UNIVERSITE_1";"Meteo_IUT";0.1935786714251;290;"Orange"
2021-08-28 21:40:00;"290 A-B";5;-54;7.2;14.5;1.02;0.0473;1.1022;"10G_MPR_NDOGBONG_3 - MPR_MISSOKE_UNIVERSITE_1";"Meteo_IUT";0.1935786714251;290;"Orange"
2021-08-28 21:55:00;"290 A-B";5;-53.5;4;14.5;1.02;0.0473;1.1022;"10G_MPR_NDOGBONG_3 - MPR_MISSOKE_UNIVERSITE_1";"Meteo_IUT";0.1935786714251;290;"Orange"
2021-08-28 22:10:00;"290 A-B";5;-53.1;0;14.5;1.02;0.0473;1.1022;"10G_MPR_NDOGBONG_3 - MPR_MISSOKE_UNIVERSITE_1";"Meteo_IUT";0.1935786714251;290;"Orange"
2021-08-28 22:25:00;"290 A-B";5;-52.9;0;14.5;1.02;0.0473;1.1022;"10G_MPR_NDOGBONG_3 - MPR_MISSOKE_UNIVERSITE_1";"Meteo_IUT";0.1935786714251;290;"Orange"
2021-08-28 22:40:00;"290 A-B";5;-53;0;14.5;1.02;0.0473;1.1022;"10G_MPR_NDOGBONG_3 - MPR_MISSOKE_UNIVERSITE_1";"Meteo_IUT";0.1935786714251;290;"Orange"
2021-08-28 22:55:00;"290 A-B";5;-53.5;0;14.5;1.02;0.0473;1.1022;"10G_MPR_NDOGBONG_3 - MPR_MISSOKE_UNIVERSITE_1";"Meteo_IUT";0.1935786714251;290;"Orange"
2021-08-28 23:10:00;"290 A-B";5;-53.6;0.8;14.5;1.02;0.0473;1.1022;"10G_MPR_NDOGBONG_3 - MPR_MISSOKE_UNIVERSITE_1";"Meteo_IUT";0.1935786714251;290;"Orange"
2021-08-28 23:25:00;"290 A-B";5;-54.2;5.6;14.5;1.02;0.0473;1.1022;"10G_MPR_NDOGBONG_3 - MPR_MISSOKE_UNIVERSITE_1";"Meteo_IUT";0.1935786714251;290;"Orange"
2021-08-28 23:40:00;"290 A-B";5;-54.3;6.4;14.5;1.02;0.0473;1.1022;"10G_MPR_NDOGBONG_3 - MPR_MISSOKE_UNIVERSITE_1";"Meteo_IUT";0.1935786714251;290;"Orange"
2021-08-28 23:55:00;"290 A-B";5;-53.7;1.6;14.5;1.02;0.0473;1.1022;"10G_MPR_NDOGBONG_3 - MPR_MISSOKE_UNIVERSITE_1";"Meteo_IUT";0.1935786714251;290;"Orange"
2021-08-29 00:10:00;"290 A-B";5;-53.5;0.8;14.5;1.02;0.0473;1.1022;"10G_MPR_NDOGBONG_3 - MPR_MISSOKE_UNIVERSITE_1";"Meteo_IUT";0.1935786714251;290;"Orange"
2021-08-29 00:25:00;"290 A-B";5;-53.4;0;14.5;1.02;0.0473;1.1022;"10G_MPR_NDOGBONG_3 - MPR_MISSOKE_UNIVERSITE_1";"Meteo_IUT";0.1935786714251;290;"Orange"
2021-08-29 00:40:00;"290 A-B";5;-53.2;0;14.5;1.02;0.0473;1.1022;"10G_MPR_NDOGBONG_3 - MPR_MISSOKE_UNIVERSITE_1";"Meteo_IUT";0.1935786714251;290;"Orange"
2021-08-29 00:55:00;"290 A-B";5;-53.3;0.8;14.5;1.02;0.0473;1.1022;"10G_MPR_NDOGBONG_3 - MPR_MISSOKE_UNIVERSITE_1";"Meteo_IUT";0.1935786714251;290;"Orange"
2021-08-29 01:10:00;"290 A-B";5;-53.5;0.8;14.5;1.02;0.0473;1.1022;"10G_MPR_NDOGBONG_3 - MPR_MISSOKE_UNIVERSITE_1";"Meteo_IUT";0.1935786714251;290;"Orange"
2021-08-29 01:25:00;"290 A-B";6.5;-54;12.8;14.5;1.02;0.0473;1.1022;"10G_MPR_NDOGBONG_3 - MPR_MISSOKE_UNIVERSITE_1";"Meteo_IUT";0.1935786714251;290;"Orange"
2021-08-29 01:40:00;"290 A-B";7;-53.9;30.4;14.5;1.02;0.0473;1.1022;"10G_MPR_NDOGBONG_3 - MPR_MISSOKE_UNIVERSITE_1";"Meteo_IUT";0.1935786714251;290;"Orange"
2021-08-29 01:55:00;"290 A-B";5;-53.5;0.8;14.5;1.02;0.0473;1.1022;"10G_MPR_NDOGBONG_3 - MPR_MISSOKE_UNIVERSITE_1";"Meteo_IUT";0.1935786714251;290;"Orange"
2021-08-29 02:10:00;"290 A-B";5.4;-54.3;8;14.5;1.02;0.0473;1.1022;"10G_MPR_NDOGBONG_3 - MPR_MISSOKE_UNIVERSITE_1";"Meteo_IUT";0.1935786714251;290;"Orange"
2021-08-29 02:25:00;"290 A-B";5.4;-54.3;28.8;14.5;1.02;0.0473;1.1022;"10G_MPR_NDOGBONG_3 - MPR_MISSOKE_UNIVERSITE_1";"Meteo_IUT";0.1935786714251;290;"Orange"
2021-08-29 02:40:00;"290 A-B";5.5;-53.7;5.6;14.5;1.02;0.0473;1.1022;"10G_MPR_NDOGBONG_3 - MPR_MISSOKE_UNIVERSITE_1";"Meteo_IUT";0.1935786714251;290;"Orange"
2021-08-29 02:55:00;"290 A-B";5;-53.3;0.8;14.5;1.02;0.0473;1.1022;"10G_MPR_NDOGBONG_3 - MPR_MISSOKE_UNIVERSITE_1";"Meteo_IUT";0.1935786714251;290;"Orange"
2021-08-29 03:10:00;"290 A-B";5;-53;0.8;14.5;1.02;0.0473;1.1022;"10G_MPR_NDOGBONG_3 - MPR_MISSOKE_UNIVERSITE_1";"Meteo_IUT";0.1935786714251;290;"Orange"
2021-08-29 03:25:00;"290 A-B";5;-53;0;14.5;1.02;0.0473;1.1022;"10G_MPR_NDOGBONG_3 - MPR_MISSOKE_UNIVERSITE_1";"Meteo_IUT";0.1935786714251;290;"Orange"
2021-08-29 03:40:00;"290 A-B";5.2;-53.6;3.2;14.5;1.02;0.0473;1.1022;"10G_MPR_NDOGBONG_3 - MPR_MISSOKE_UNIVERSITE_1";"Meteo_IUT";0.1935786714251;290;"Orange"
2021-08-29 03:55:00;"290 A-B";5;-53.1;3.2;14.5;1.02;0.0473;1.1022;"10G_MPR_NDOGBONG_3 - MPR_MISSOKE_UNIVERSITE_1";"Meteo_IUT";0.1935786714251;290;"Orange"
2021-08-29 04:10:00;"290 A-B";5.1;-53.7;4.8;14.5;1.02;0.0473;1.1022;"10G_MPR_NDOGBONG_3 - MPR_MISSOKE_UNIVERSITE_1";"Meteo_IUT";0.1935786714251;290;"Orange"
2021-08-29 04:25:00;"290 A-B";6.2;-54.1;13.6;14.5;1.02;0.0473;1.1022;"10G_MPR_NDOGBONG_3 - MPR_MISSOKE_UNIVERSITE_1";"Meteo_IUT";0.1935786714251;290;"Orange"
2021-08-29 04:40:00;"290 A-B";5;-54.1;3.2;14.5;1.02;0.0473;1.1022;"10G_MPR_NDOGBONG_3 - MPR_MISSOKE_UNIVERSITE_1";"Meteo_IUT";0.1935786714251;290;"Orange"
2021-08-29 04:55:00;"290 A-B";5;-53.7;2.4;14.5;1.02;0.0473;1.1022;"10G_MPR_NDOGBONG_3 - MPR_MISSOKE_UNIVERSITE_1";"Meteo_IUT";0.1935786714251;290;"Orange"
2021-08-29 05:10:00;"290 A-B";5;-53.5;0.8;14.5;1.02;0.0473;1.1022;"10G_MPR_NDOGBONG_3 - MPR_MISSOKE_UNIVERSITE_1";"Meteo_IUT";0.1935786714251;290;"Orange"
2021-08-29 05:25:00;"290 A-B";5;-53.8;0.8;14.5;1.02;0.0473;1.1022;"10G_MPR_NDOGBONG_3 - MPR_MISSOKE_UNIVERSITE_1";"Meteo_IUT";0.1935786714251;290;"Orange"
2021-08-29 05:40:00;"290 A-B";5;-53.5;0.8;14.5;1.02;0.0473;1.1022;"10G_MPR_NDOGBONG_3 - MPR_MISSOKE_UNIVERSITE_1";"Meteo_IUT";0.1935786714251;290;"Orange"
2021-08-29 05:55:00;"290 A-B";5;-53.3;0.8;14.5;1.02;0.0473;1.1022;"10G_MPR_NDOGBONG_3 - MPR_MISSOKE_UNIVERSITE_1";"Meteo_IUT";0.1935786714251;290;"Orange"
2021-08-29 06:10:00;"290 A-B";5;-53.6;0.8;14.5;1.02;0.0473;1.1022;"10G_MPR_NDOGBONG_3 - MPR_MISSOKE_UNIVERSITE_1";"Meteo_IUT";0.1935786714251;290;"Orange"
2021-08-29 06:25:00;"290 A-B";5;-53.6;2.4;14.5;1.02;0.0473;1.1022;"10G_MPR_NDOGBONG_3 - MPR_MISSOKE_UNIVERSITE_1";"Meteo_IUT";0.1935786714251;290;"Orange"
2021-08-29 06:40:00;"290 A-B";5;-53.2;0.8;14.5;1.02;0.0473;1.1022;"10G_MPR_NDOGBONG_3 - MPR_MISSOKE_UNIVERSITE_1";"Meteo_IUT";0.1935786714251;290;"Orange"
2021-08-29 06:55:00;"290 A-B";5;-53.5;1.6;14.5;1.02;0.0473;1.1022;"10G_MPR_NDOGBONG_3 - MPR_MISSOKE_UNIVERSITE_1";"Meteo_IUT";0.1935786714251;290;"Orange"
2021-08-29 07:10:00;"290 A-B";5;-53.5;1.6;14.5;1.02;0.0473;1.1022;"10G_MPR_NDOGBONG_3 - MPR_MISSOKE_UNIVERSITE_1";"Meteo_IUT";0.1935786714251;290;"Orange"
2021-08-29 07:25:00;"290 A-B";NA;NA;0.8;14.5;1.02;0.0473;1.1022;"10G_MPR_NDOGBONG_3 - MPR_MISSOKE_UNIVERSITE_1";"Meteo_IUT";0.1935786714251;290;"Orange"
2021-08-29 07:40:00;"290 A-B";5;-53.2;0.8;14.5;1.02;0.0473;1.1022;"10G_MPR_NDOGBONG_3 - MPR_MISSOKE_UNIVERSITE_1";"Meteo_IUT";0.1935786714251;290;"Orange"
2021-08-29 07:55:00;"290 A-B";5;-52.9;0.8;14.5;1.02;0.0473;1.1022;"10G_MPR_NDOGBONG_3 - MPR_MISSOKE_UNIVERSITE_1";"Meteo_IUT";0.1935786714251;290;"Orange"
2021-08-29 08:10:00;"290 A-B";NA;NA;0;14.5;1.02;0.0473;1.1022;"10G_MPR_NDOGBONG_3 - MPR_MISSOKE_UNIVERSITE_1";"Meteo_IUT";0.1935786714251;290;"Orange"
2021-08-29 08:25:00;"290 A-B";5;-52.5;0;14.5;1.02;0.0473;1.1022;"10G_MPR_NDOGBONG_3 - MPR_MISSOKE_UNIVERSITE_1";"Meteo_IUT";0.1935786714251;290;"Orange"
2021-08-29 08:40:00;"290 A-B";5;-52.6;0;14.5;1.02;0.0473;1.1022;"10G_MPR_NDOGBONG_3 - MPR_MISSOKE_UNIVERSITE_1";"Meteo_IUT";0.1935786714251;290;"Orange"
2021-08-29 08:55:00;"290 A-B";5;-52.6;0;14.5;1.02;0.0473;1.1022;"10G_MPR_NDOGBONG_3 - MPR_MISSOKE_UNIVERSITE_1";"Meteo_IUT";0.1935786714251;290;"Orange"
2021-08-29 09:10:00;"290 A-B";5;-52.7;0;14.5;1.02;0.0473;1.1022;"10G_MPR_NDOGBONG_3 - MPR_MISSOKE_UNIVERSITE_1";"Meteo_IUT";0.1935786714251;290;"Orange"
2021-08-29 09:25:00;"290 A-B";5;-52.6;0;14.5;1.02;0.0473;1.1022;"10G_MPR_NDOGBONG_3 - MPR_MISSOKE_UNIVERSITE_1";"Meteo_IUT";0.1935786714251;290;"Orange"
2021-08-29 09:40:00;"290 A-B";5;-52.6;0;14.5;1.02;0.0473;1.1022;"10G_MPR_NDOGBONG_3 - MPR_MISSOKE_UNIVERSITE_1";"Meteo_IUT";0.1935786714251;290;"Orange"
2021-08-29 09:55:00;"290 A-B";5;-52.7;0;14.5;1.02;0.0473;1.1022;"10G_MPR_NDOGBONG_3 - MPR_MISSOKE_UNIVERSITE_1";"Meteo_IUT";0.1935786714251;290;"Orange"
2021-08-29 10:10:00;"290 A-B";5;-52.9;0;14.5;1.02;0.0473;1.1022;"10G_MPR_NDOGBONG_3 - MPR_MISSOKE_UNIVERSITE_1";"Meteo_IUT";0.1935786714251;290;"Orange"
2021-08-29 10:25:00;"290 A-B";5;-53;0;14.5;1.02;0.0473;1.1022;"10G_MPR_NDOGBONG_3 - MPR_MISSOKE_UNIVERSITE_1";"Meteo_IUT";0.1935786714251;290;"Orange"
2021-08-29 10:40:00;"290 A-B";5;-53;0;14.5;1.02;0.0473;1.1022;"10G_MPR_NDOGBONG_3 - MPR_MISSOKE_UNIVERSITE_1";"Meteo_IUT";0.1935786714251;290;"Orange"
2021-08-29 10:55:00;"290 A-B";NA;NA;0;14.5;1.02;0.0473;1.1022;"10G_MPR_NDOGBONG_3 - MPR_MISSOKE_UNIVERSITE_1";"Meteo_IUT";0.1935786714251;290;"Orange"
2021-08-29 11:10:00;"290 A-B";5;-52.7;0.8;14.5;1.02;0.0473;1.1022;"10G_MPR_NDOGBONG_3 - MPR_MISSOKE_UNIVERSITE_1";"Meteo_IUT";0.1935786714251;290;"Orange"
2021-08-29 11:25:00;"290 A-B";5;-52.6;0;14.5;1.02;0.0473;1.1022;"10G_MPR_NDOGBONG_3 - MPR_MISSOKE_UNIVERSITE_1";"Meteo_IUT";0.1935786714251;290;"Orange"
2021-08-29 11:40:00;"290 A-B";NA;NA;0;14.5;1.02;0.0473;1.1022;"10G_MPR_NDOGBONG_3 - MPR_MISSOKE_UNIVERSITE_1";"Meteo_IUT";0.1935786714251;290;"Orange"
2021-08-29 11:55:00;"290 A-B";5;-52.9;0;14.5;1.02;0.0473;1.1022;"10G_MPR_NDOGBONG_3 - MPR_MISSOKE_UNIVERSITE_1";"Meteo_IUT";0.1935786714251;290;"Orange"
2021-08-29 12:10:00;"290 A-B";5;-53;0;14.5;1.02;0.0473;1.1022;"10G_MPR_NDOGBONG_3 - MPR_MISSOKE_UNIVERSITE_1";"Meteo_IUT";0.1935786714251;290;"Orange"
2021-08-29 12:25:00;"290 A-B";5;-52.8;0;14.5;1.02;0.0473;1.1022;"10G_MPR_NDOGBONG_3 - MPR_MISSOKE_UNIVERSITE_1";"Meteo_IUT";0.1935786714251;290;"Orange"
2021-08-29 12:40:00;"290 A-B";5;-52.7;0;14.5;1.02;0.0473;1.1022;"10G_MPR_NDOGBONG_3 - MPR_MISSOKE_UNIVERSITE_1";"Meteo_IUT";0.1935786714251;290;"Orange"
2021-08-29 12:55:00;"290 A-B";NA;NA;0;14.5;1.02;0.0473;1.1022;"10G_MPR_NDOGBONG_3 - MPR_MISSOKE_UNIVERSITE_1";"Meteo_IUT";0.1935786714251;290;"Orange"
2021-08-29 13:10:00;"290 A-B";NA;NA;0;14.5;1.02;0.0473;1.1022;"10G_MPR_NDOGBONG_3 - MPR_MISSOKE_UNIVERSITE_1";"Meteo_IUT";0.1935786714251;290;"Orange"
2021-08-29 13:25:00;"290 A-B";5;-52.9;0;14.5;1.02;0.0473;1.1022;"10G_MPR_NDOGBONG_3 - MPR_MISSOKE_UNIVERSITE_1";"Meteo_IUT";0.1935786714251;290;"Orange"
2021-08-29 13:40:00;"290 A-B";5;-52.9;0;14.5;1.02;0.0473;1.1022;"10G_MPR_NDOGBONG_3 - MPR_MISSOKE_UNIVERSITE_1";"Meteo_IUT";0.1935786714251;290;"Orange"
2021-08-29 13:55:00;"290 A-B";5;-52.8;0;14.5;1.02;0.0473;1.1022;"10G_MPR_NDOGBONG_3 - MPR_MISSOKE_UNIVERSITE_1";"Meteo_IUT";0.1935786714251;290;"Orange"
2021-08-29 14:10:00;"290 A-B";5;-52.8;0;14.5;1.02;0.0473;1.1022;"10G_MPR_NDOGBONG_3 - MPR_MISSOKE_UNIVERSITE_1";"Meteo_IUT";0.1935786714251;290;"Orange"
2021-08-29 14:25:00;"290 A-B";5;-52.9;0;14.5;1.02;0.0473;1.1022;"10G_MPR_NDOGBONG_3 - MPR_MISSOKE_UNIVERSITE_1";"Meteo_IUT";0.1935786714251;290;"Orange"
2021-08-29 14:40:00;"290 A-B";NA;NA;0;14.5;1.02;0.0473;1.1022;"10G_MPR_NDOGBONG_3 - MPR_MISSOKE_UNIVERSITE_1";"Meteo_IUT";0.1935786714251;290;"Orange"
2021-08-29 14:55:00;"290 A-B";5;-52.9;0;14.5;1.02;0.0473;1.1022;"10G_MPR_NDOGBONG_3 - MPR_MISSOKE_UNIVERSITE_1";"Meteo_IUT";0.1935786714251;290;"Orange"
2021-08-29 15:10:00;"290 A-B";5;-53;0;14.5;1.02;0.0473;1.1022;"10G_MPR_NDOGBONG_3 - MPR_MISSOKE_UNIVERSITE_1";"Meteo_IUT";0.1935786714251;290;"Orange"
2021-08-29 15:25:00;"290 A-B";NA;NA;0;14.5;1.02;0.0473;1.1022;"10G_MPR_NDOGBONG_3 - MPR_MISSOKE_UNIVERSITE_1";"Meteo_IUT";0.1935786714251;290;"Orange"
2021-08-29 15:40:00;"290 A-B";5;-53;0;14.5;1.02;0.0473;1.1022;"10G_MPR_NDOGBONG_3 - MPR_MISSOKE_UNIVERSITE_1";"Meteo_IUT";0.1935786714251;290;"Orange"
2021-08-29 15:55:00;"290 A-B";5;-53.1;0;14.5;1.02;0.0473;1.1022;"10G_MPR_NDOGBONG_3 - MPR_MISSOKE_UNIVERSITE_1";"Meteo_IUT";0.1935786714251;290;"Orange"
2021-08-29 16:10:00;"290 A-B";NA;NA;0;14.5;1.02;0.0473;1.1022;"10G_MPR_NDOGBONG_3 - MPR_MISSOKE_UNIVERSITE_1";"Meteo_IUT";0.1935786714251;290;"Orange"
2021-08-29 16:25:00;"290 A-B";5;-53.1;0;14.5;1.02;0.0473;1.1022;"10G_MPR_NDOGBONG_3 - MPR_MISSOKE_UNIVERSITE_1";"Meteo_IUT";0.1935786714251;290;"Orange"
2021-08-29 16:40:00;"290 A-B";5;-53.1;0;14.5;1.02;0.0473;1.1022;"10G_MPR_NDOGBONG_3 - MPR_MISSOKE_UNIVERSITE_1";"Meteo_IUT";0.1935786714251;290;"Orange"
2021-08-29 16:55:00;"290 A-B";NA;NA;0;14.5;1.02;0.0473;1.1022;"10G_MPR_NDOGBONG_3 - MPR_MISSOKE_UNIVERSITE_1";"Meteo_IUT";0.1935786714251;290;"Orange"
2021-08-29 17:10:00;"290 A-B";NA;NA;0;14.5;1.02;0.0473;1.1022;"10G_MPR_NDOGBONG_3 - MPR_MISSOKE_UNIVERSITE_1";"Meteo_IUT";0.1935786714251;290;"Orange"
2021-08-29 17:25:00;"290 A-B";5;-53.1;0;14.5;1.02;0.0473;1.1022;"10G_MPR_NDOGBONG_3 - MPR_MISSOKE_UNIVERSITE_1";"Meteo_IUT";0.1935786714251;290;"Orange"
2021-08-29 17:40:00;"290 A-B";NA;NA;0;14.5;1.02;0.0473;1.1022;"10G_MPR_NDOGBONG_3 - MPR_MISSOKE_UNIVERSITE_1";"Meteo_IUT";0.1935786714251;290;"Orange"
2021-08-29 17:55:00;"290 A-B";NA;NA;0;14.5;1.02;0.0473;1.1022;"10G_MPR_NDOGBONG_3 - MPR_MISSOKE_UNIVERSITE_1";"Meteo_IUT";0.1935786714251;290;"Orange"
2021-08-29 18:10:00;"290 A-B";5;-53.1;1.6;14.5;1.02;0.0473;1.1022;"10G_MPR_NDOGBONG_3 - MPR_MISSOKE_UNIVERSITE_1";"Meteo_IUT";0.1935786714251;290;"Orange"
2021-08-29 18:25:00;"290 A-B";NA;NA;0;14.5;1.02;0.0473;1.1022;"10G_MPR_NDOGBONG_3 - MPR_MISSOKE_UNIVERSITE_1";"Meteo_IUT";0.1935786714251;290;"Orange"
2021-08-29 18:40:00;"290 A-B";NA;NA;0;14.5;1.02;0.0473;1.1022;"10G_MPR_NDOGBONG_3 - MPR_MISSOKE_UNIVERSITE_1";"Meteo_IUT";0.1935786714251;290;"Orange"
2021-08-29 18:55:00;"290 A-B";NA;NA;0;14.5;1.02;0.0473;1.1022;"10G_MPR_NDOGBONG_3 - MPR_MISSOKE_UNIVERSITE_1";"Meteo_IUT";0.1935786714251;290;"Orange"
2021-08-29 19:10:00;"290 A-B";5;-53.2;0;14.5;1.02;0.0473;1.1022;"10G_MPR_NDOGBONG_3 - MPR_MISSOKE_UNIVERSITE_1";"Meteo_IUT";0.1935786714251;290;"Orange"
2021-08-29 19:25:00;"290 A-B";NA;NA;0;14.5;1.02;0.0473;1.1022;"10G_MPR_NDOGBONG_3 - MPR_MISSOKE_UNIVERSITE_1";"Meteo_IUT";0.1935786714251;290;"Orange"
2021-08-29 19:40:00;"290 A-B";NA;NA;0;14.5;1.02;0.0473;1.1022;"10G_MPR_NDOGBONG_3 - MPR_MISSOKE_UNIVERSITE_1";"Meteo_IUT";0.1935786714251;290;"Orange"
2021-08-29 19:55:00;"290 A-B";NA;NA;0;14.5;1.02;0.0473;1.1022;"10G_MPR_NDOGBONG_3 - MPR_MISSOKE_UNIVERSITE_1";"Meteo_IUT";0.1935786714251;290;"Orange"
2021-08-29 20:10:00;"290 A-B";NA;NA;0;14.5;1.02;0.0473;1.1022;"10G_MPR_NDOGBONG_3 - MPR_MISSOKE_UNIVERSITE_1";"Meteo_IUT";0.1935786714251;290;"Orange"
2021-08-29 20:25:00;"290 A-B";NA;NA;0;14.5;1.02;0.0473;1.1022;"10G_MPR_NDOGBONG_3 - MPR_MISSOKE_UNIVERSITE_1";"Meteo_IUT";0.1935786714251;290;"Orange"
2021-08-29 20:40:00;"290 A-B";NA;NA;0;14.5;1.02;0.0473;1.1022;"10G_MPR_NDOGBONG_3 - MPR_MISSOKE_UNIVERSITE_1";"Meteo_IUT";0.1935786714251;290;"Orange"
2021-08-29 20:55:00;"290 A-B";5;-53.2;0;14.5;1.02;0.0473;1.1022;"10G_MPR_NDOGBONG_3 - MPR_MISSOKE_UNIVERSITE_1";"Meteo_IUT";0.1935786714251;290;"Orange"
2021-08-29 21:10:00;"290 A-B";5;-53.2;0;14.5;1.02;0.0473;1.1022;"10G_MPR_NDOGBONG_3 - MPR_MISSOKE_UNIVERSITE_1";"Meteo_IUT";0.1935786714251;290;"Orange"
2021-08-29 21:25:00;"290 A-B";5;-53.3;0;14.5;1.02;0.0473;1.1022;"10G_MPR_NDOGBONG_3 - MPR_MISSOKE_UNIVERSITE_1";"Meteo_IUT";0.1935786714251;290;"Orange"
2021-08-29 21:40:00;"290 A-B";5;-53.3;0;14.5;1.02;0.0473;1.1022;"10G_MPR_NDOGBONG_3 - MPR_MISSOKE_UNIVERSITE_1";"Meteo_IUT";0.1935786714251;290;"Orange"
2021-08-29 21:55:00;"290 A-B";5;-53.3;0;14.5;1.02;0.0473;1.1022;"10G_MPR_NDOGBONG_3 - MPR_MISSOKE_UNIVERSITE_1";"Meteo_IUT";0.1935786714251;290;"Orange"
2021-08-29 22:10:00;"290 A-B";5;-53.3;0;14.5;1.02;0.0473;1.1022;"10G_MPR_NDOGBONG_3 - MPR_MISSOKE_UNIVERSITE_1";"Meteo_IUT";0.1935786714251;290;"Orange"
2021-08-29 22:25:00;"290 A-B";5;-53.3;0;14.5;1.02;0.0473;1.1022;"10G_MPR_NDOGBONG_3 - MPR_MISSOKE_UNIVERSITE_1";"Meteo_IUT";0.1935786714251;290;"Orange"
2021-08-29 22:40:00;"290 A-B";5;-53.3;0;14.5;1.02;0.0473;1.1022;"10G_MPR_NDOGBONG_3 - MPR_MISSOKE_UNIVERSITE_1";"Meteo_IUT";0.1935786714251;290;"Orange"
2021-08-29 22:55:00;"290 A-B";5;-53.3;0;14.5;1.02;0.0473;1.1022;"10G_MPR_NDOGBONG_3 - MPR_MISSOKE_UNIVERSITE_1";"Meteo_IUT";0.1935786714251;290;"Orange"
2021-08-29 23:10:00;"290 A-B";5;-53.3;0;14.5;1.02;0.0473;1.1022;"10G_MPR_NDOGBONG_3 - MPR_MISSOKE_UNIVERSITE_1";"Meteo_IUT";0.1935786714251;290;"Orange"
2021-08-29 23:25:00;"290 A-B";5;-53.2;0;14.5;1.02;0.0473;1.1022;"10G_MPR_NDOGBONG_3 - MPR_MISSOKE_UNIVERSITE_1";"Meteo_IUT";0.1935786714251;290;"Orange"
2021-08-29 23:40:00;"290 A-B";5;-53.4;0;14.5;1.02;0.0473;1.1022;"10G_MPR_NDOGBONG_3 - MPR_MISSOKE_UNIVERSITE_1";"Meteo_IUT";0.1935786714251;290;"Orange"
2021-08-29 23:55:00;"290 A-B";5.9;-54.3;22.4;14.5;1.02;0.0473;1.1022;"10G_MPR_NDOGBONG_3 - MPR_MISSOKE_UNIVERSITE_1";"Meteo_IUT";0.1935786714251;290;"Orange"
2021-08-30 00:10:00;"290 A-B";7;-54;22.4;14.5;1.02;0.0473;1.1022;"10G_MPR_NDOGBONG_3 - MPR_MISSOKE_UNIVERSITE_1";"Meteo_IUT";0.1935786714251;290;"Orange"
2021-08-30 00:25:00;"290 A-B";8.6;-54.1;32.8;14.5;1.02;0.0473;1.1022;"10G_MPR_NDOGBONG_3 - MPR_MISSOKE_UNIVERSITE_1";"Meteo_IUT";0.1935786714251;290;"Orange"
2021-08-30 00:40:00;"290 A-B";6;-54.1;7.2;14.5;1.02;0.0473;1.1022;"10G_MPR_NDOGBONG_3 - MPR_MISSOKE_UNIVERSITE_1";"Meteo_IUT";0.1935786714251;290;"Orange"
2021-08-30 00:55:00;"290 A-B";6.4;-54.1;8;14.5;1.02;0.0473;1.1022;"10G_MPR_NDOGBONG_3 - MPR_MISSOKE_UNIVERSITE_1";"Meteo_IUT";0.1935786714251;290;"Orange"
2021-08-30 01:10:00;"290 A-B";7;-54;11.2;14.5;1.02;0.0473;1.1022;"10G_MPR_NDOGBONG_3 - MPR_MISSOKE_UNIVERSITE_1";"Meteo_IUT";0.1935786714251;290;"Orange"
2021-08-30 01:25:00;"290 A-B";6.6;-53.9;5.6;14.5;1.02;0.0473;1.1022;"10G_MPR_NDOGBONG_3 - MPR_MISSOKE_UNIVERSITE_1";"Meteo_IUT";0.1935786714251;290;"Orange"
2021-08-30 01:40:00;"290 A-B";6;-53.9;3.2;14.5;1.02;0.0473;1.1022;"10G_MPR_NDOGBONG_3 - MPR_MISSOKE_UNIVERSITE_1";"Meteo_IUT";0.1935786714251;290;"Orange"
2021-08-30 01:55:00;"290 A-B";6;-54.1;4.8;14.5;1.02;0.0473;1.1022;"10G_MPR_NDOGBONG_3 - MPR_MISSOKE_UNIVERSITE_1";"Meteo_IUT";0.1935786714251;290;"Orange"
2021-08-30 02:10:00;"290 A-B";6;-54.1;7.2;14.5;1.02;0.0473;1.1022;"10G_MPR_NDOGBONG_3 - MPR_MISSOKE_UNIVERSITE_1";"Meteo_IUT";0.1935786714251;290;"Orange"
2021-08-30 02:25:00;"290 A-B";6;-54.1;12;14.5;1.02;0.0473;1.1022;"10G_MPR_NDOGBONG_3 - MPR_MISSOKE_UNIVERSITE_1";"Meteo_IUT";0.1935786714251;290;"Orange"
2021-08-30 02:40:00;"290 A-B";6;-54.1;15.2;14.5;1.02;0.0473;1.1022;"10G_MPR_NDOGBONG_3 - MPR_MISSOKE_UNIVERSITE_1";"Meteo_IUT";0.1935786714251;290;"Orange"
2021-08-30 02:55:00;"290 A-B";5.2;-54.4;1.6;14.5;1.02;0.0473;1.1022;"10G_MPR_NDOGBONG_3 - MPR_MISSOKE_UNIVERSITE_1";"Meteo_IUT";0.1935786714251;290;"Orange"
2021-08-30 03:10:00;"290 A-B";5;-54.3;1.6;14.5;1.02;0.0473;1.1022;"10G_MPR_NDOGBONG_3 - MPR_MISSOKE_UNIVERSITE_1";"Meteo_IUT";0.1935786714251;290;"Orange"
2021-08-30 03:25:00;"290 A-B";5;-54;0.8;14.5;1.02;0.0473;1.1022;"10G_MPR_NDOGBONG_3 - MPR_MISSOKE_UNIVERSITE_1";"Meteo_IUT";0.1935786714251;290;"Orange"
2021-08-30 03:40:00;"290 A-B";5;-54;0;14.5;1.02;0.0473;1.1022;"10G_MPR_NDOGBONG_3 - MPR_MISSOKE_UNIVERSITE_1";"Meteo_IUT";0.1935786714251;290;"Orange"
2021-08-30 03:55:00;"290 A-B";5;-54.4;1.6;14.5;1.02;0.0473;1.1022;"10G_MPR_NDOGBONG_3 - MPR_MISSOKE_UNIVERSITE_1";"Meteo_IUT";0.1935786714251;290;"Orange"
2021-08-30 04:10:00;"290 A-B";5.5;-54.6;3.2;14.5;1.02;0.0473;1.1022;"10G_MPR_NDOGBONG_3 - MPR_MISSOKE_UNIVERSITE_1";"Meteo_IUT";0.1935786714251;290;"Orange"
2021-08-30 04:25:00;"290 A-B";6.5;-54;4;14.5;1.02;0.0473;1.1022;"10G_MPR_NDOGBONG_3 - MPR_MISSOKE_UNIVERSITE_1";"Meteo_IUT";0.1935786714251;290;"Orange"
2021-08-30 04:40:00;"290 A-B";6.3;-53.8;4;14.5;1.02;0.0473;1.1022;"10G_MPR_NDOGBONG_3 - MPR_MISSOKE_UNIVERSITE_1";"Meteo_IUT";0.1935786714251;290;"Orange"
2021-08-30 04:55:00;"290 A-B";5.5;-53.9;0;14.5;1.02;0.0473;1.1022;"10G_MPR_NDOGBONG_3 - MPR_MISSOKE_UNIVERSITE_1";"Meteo_IUT";0.1935786714251;290;"Orange"
2021-08-30 05:10:00;"290 A-B";5.3;-53.9;0;14.5;1.02;0.0473;1.1022;"10G_MPR_NDOGBONG_3 - MPR_MISSOKE_UNIVERSITE_1";"Meteo_IUT";0.1935786714251;290;"Orange"
2021-08-30 05:25:00;"290 A-B";5;-54.1;0;14.5;1.02;0.0473;1.1022;"10G_MPR_NDOGBONG_3 - MPR_MISSOKE_UNIVERSITE_1";"Meteo_IUT";0.1935786714251;290;"Orange"
2021-08-30 05:40:00;"290 A-B";5;-54.1;0.8;14.5;1.02;0.0473;1.1022;"10G_MPR_NDOGBONG_3 - MPR_MISSOKE_UNIVERSITE_1";"Meteo_IUT";0.1935786714251;290;"Orange"
2021-08-30 05:55:00;"290 A-B";5;-53.8;0;14.5;1.02;0.0473;1.1022;"10G_MPR_NDOGBONG_3 - MPR_MISSOKE_UNIVERSITE_1";"Meteo_IUT";0.1935786714251;290;"Orange"
2021-08-30 06:10:00;"290 A-B";5;-54.1;0;14.5;1.02;0.0473;1.1022;"10G_MPR_NDOGBONG_3 - MPR_MISSOKE_UNIVERSITE_1";"Meteo_IUT";0.1935786714251;290;"Orange"
2021-08-30 06:25:00;"290 A-B";5;-53.9;0;14.5;1.02;0.0473;1.1022;"10G_MPR_NDOGBONG_3 - MPR_MISSOKE_UNIVERSITE_1";"Meteo_IUT";0.1935786714251;290;"Orange"
2021-08-30 06:40:00;"290 A-B";5;-53.5;0;14.5;1.02;0.0473;1.1022;"10G_MPR_NDOGBONG_3 - MPR_MISSOKE_UNIVERSITE_1";"Meteo_IUT";0.1935786714251;290;"Orange"
2021-08-30 06:55:00;"290 A-B";5;-53.3;0;14.5;1.02;0.0473;1.1022;"10G_MPR_NDOGBONG_3 - MPR_MISSOKE_UNIVERSITE_1";"Meteo_IUT";0.1935786714251;290;"Orange"
2021-08-30 07:10:00;"290 A-B";5;-53.3;0;14.5;1.02;0.0473;1.1022;"10G_MPR_NDOGBONG_3 - MPR_MISSOKE_UNIVERSITE_1";"Meteo_IUT";0.1935786714251;290;"Orange"
2021-08-30 07:25:00;"290 A-B";5;-53.3;0;14.5;1.02;0.0473;1.1022;"10G_MPR_NDOGBONG_3 - MPR_MISSOKE_UNIVERSITE_1";"Meteo_IUT";0.1935786714251;290;"Orange"
2021-08-30 07:40:00;"290 A-B";NA;NA;0;14.5;1.02;0.0473;1.1022;"10G_MPR_NDOGBONG_3 - MPR_MISSOKE_UNIVERSITE_1";"Meteo_IUT";0.1935786714251;290;"Orange"
2021-08-30 07:55:00;"290 A-B";5;-53.3;0;14.5;1.02;0.0473;1.1022;"10G_MPR_NDOGBONG_3 - MPR_MISSOKE_UNIVERSITE_1";"Meteo_IUT";0.1935786714251;290;"Orange"
2021-08-30 08:10:00;"290 A-B";NA;NA;0;14.5;1.02;0.0473;1.1022;"10G_MPR_NDOGBONG_3 - MPR_MISSOKE_UNIVERSITE_1";"Meteo_IUT";0.1935786714251;290;"Orange"
2021-08-30 08:25:00;"290 A-B";5;-53.3;0;14.5;1.02;0.0473;1.1022;"10G_MPR_NDOGBONG_3 - MPR_MISSOKE_UNIVERSITE_1";"Meteo_IUT";0.1935786714251;290;"Orange"
2021-08-30 08:40:00;"290 A-B";5;-53.3;0;14.5;1.02;0.0473;1.1022;"10G_MPR_NDOGBONG_3 - MPR_MISSOKE_UNIVERSITE_1";"Meteo_IUT";0.1935786714251;290;"Orange"
2021-08-30 08:55:00;"290 A-B";5;-53.3;0;14.5;1.02;0.0473;1.1022;"10G_MPR_NDOGBONG_3 - MPR_MISSOKE_UNIVERSITE_1";"Meteo_IUT";0.1935786714251;290;"Orange"
2021-08-30 09:10:00;"290 A-B";NA;NA;0;14.5;1.02;0.0473;1.1022;"10G_MPR_NDOGBONG_3 - MPR_MISSOKE_UNIVERSITE_1";"Meteo_IUT";0.1935786714251;290;"Orange"
2021-08-30 09:25:00;"290 A-B";5;-53.3;0;14.5;1.02;0.0473;1.1022;"10G_MPR_NDOGBONG_3 - MPR_MISSOKE_UNIVERSITE_1";"Meteo_IUT";0.1935786714251;290;"Orange"
2021-08-30 09:40:00;"290 A-B";NA;NA;0;14.5;1.02;0.0473;1.1022;"10G_MPR_NDOGBONG_3 - MPR_MISSOKE_UNIVERSITE_1";"Meteo_IUT";0.1935786714251;290;"Orange"
2021-08-30 09:55:00;"290 A-B";NA;NA;0;14.5;1.02;0.0473;1.1022;"10G_MPR_NDOGBONG_3 - MPR_MISSOKE_UNIVERSITE_1";"Meteo_IUT";0.1935786714251;290;"Orange"
2021-08-30 10:10:00;"290 A-B";5;-53.4;0;14.5;1.02;0.0473;1.1022;"10G_MPR_NDOGBONG_3 - MPR_MISSOKE_UNIVERSITE_1";"Meteo_IUT";0.1935786714251;290;"Orange"
2021-08-30 10:25:00;"290 A-B";NA;NA;0;14.5;1.02;0.0473;1.1022;"10G_MPR_NDOGBONG_3 - MPR_MISSOKE_UNIVERSITE_1";"Meteo_IUT";0.1935786714251;290;"Orange"
2021-08-30 10:40:00;"290 A-B";5;-53.2;0;14.5;1.02;0.0473;1.1022;"10G_MPR_NDOGBONG_3 - MPR_MISSOKE_UNIVERSITE_1";"Meteo_IUT";0.1935786714251;290;"Orange"
2021-08-30 10:55:00;"290 A-B";5;-53.3;0;14.5;1.02;0.0473;1.1022;"10G_MPR_NDOGBONG_3 - MPR_MISSOKE_UNIVERSITE_1";"Meteo_IUT";0.1935786714251;290;"Orange"
2021-08-30 11:10:00;"290 A-B";NA;NA;0;14.5;1.02;0.0473;1.1022;"10G_MPR_NDOGBONG_3 - MPR_MISSOKE_UNIVERSITE_1";"Meteo_IUT";0.1935786714251;290;"Orange"
2021-08-30 11:25:00;"290 A-B";NA;NA;0;14.5;1.02;0.0473;1.1022;"10G_MPR_NDOGBONG_3 - MPR_MISSOKE_UNIVERSITE_1";"Meteo_IUT";0.1935786714251;290;"Orange"
2021-08-30 11:40:00;"290 A-B";NA;NA;0;14.5;1.02;0.0473;1.1022;"10G_MPR_NDOGBONG_3 - MPR_MISSOKE_UNIVERSITE_1";"Meteo_IUT";0.1935786714251;290;"Orange"
2021-08-30 11:55:00;"290 A-B";5;-53.3;0;14.5;1.02;0.0473;1.1022;"10G_MPR_NDOGBONG_3 - MPR_MISSOKE_UNIVERSITE_1";"Meteo_IUT";0.1935786714251;290;"Orange"
2021-08-30 12:10:00;"290 A-B";5;-53.2;0;14.5;1.02;0.0473;1.1022;"10G_MPR_NDOGBONG_3 - MPR_MISSOKE_UNIVERSITE_1";"Meteo_IUT";0.1935786714251;290;"Orange"
2021-08-30 12:25:00;"290 A-B";5;-53.2;0;14.5;1.02;0.0473;1.1022;"10G_MPR_NDOGBONG_3 - MPR_MISSOKE_UNIVERSITE_1";"Meteo_IUT";0.1935786714251;290;"Orange"
2021-08-30 12:40:00;"290 A-B";NA;NA;0;14.5;1.02;0.0473;1.1022;"10G_MPR_NDOGBONG_3 - MPR_MISSOKE_UNIVERSITE_1";"Meteo_IUT";0.1935786714251;290;"Orange"
2021-08-30 12:55:00;"290 A-B";NA;NA;0;14.5;1.02;0.0473;1.1022;"10G_MPR_NDOGBONG_3 - MPR_MISSOKE_UNIVERSITE_1";"Meteo_IUT";0.1935786714251;290;"Orange"
2021-08-30 13:10:00;"290 A-B";5;-53.3;0;14.5;1.02;0.0473;1.1022;"10G_MPR_NDOGBONG_3 - MPR_MISSOKE_UNIVERSITE_1";"Meteo_IUT";0.1935786714251;290;"Orange"
2021-08-30 13:25:00;"290 A-B";5;-53.3;0;14.5;1.02;0.0473;1.1022;"10G_MPR_NDOGBONG_3 - MPR_MISSOKE_UNIVERSITE_1";"Meteo_IUT";0.1935786714251;290;"Orange"
2021-08-30 13:40:00;"290 A-B";5;-53.2;0;14.5;1.02;0.0473;1.1022;"10G_MPR_NDOGBONG_3 - MPR_MISSOKE_UNIVERSITE_1";"Meteo_IUT";0.1935786714251;290;"Orange"
2021-08-30 13:55:00;"290 A-B";NA;NA;0;14.5;1.02;0.0473;1.1022;"10G_MPR_NDOGBONG_3 - MPR_MISSOKE_UNIVERSITE_1";"Meteo_IUT";0.1935786714251;290;"Orange"
2021-08-30 14:10:00;"290 A-B";5;-53.2;0;14.5;1.02;0.0473;1.1022;"10G_MPR_NDOGBONG_3 - MPR_MISSOKE_UNIVERSITE_1";"Meteo_IUT";0.1935786714251;290;"Orange"
2021-08-30 14:25:00;"290 A-B";5;-53.2;0;14.5;1.02;0.0473;1.1022;"10G_MPR_NDOGBONG_3 - MPR_MISSOKE_UNIVERSITE_1";"Meteo_IUT";0.1935786714251;290;"Orange"
2021-08-30 14:40:00;"290 A-B";5;-53.2;0;14.5;1.02;0.0473;1.1022;"10G_MPR_NDOGBONG_3 - MPR_MISSOKE_UNIVERSITE_1";"Meteo_IUT";0.1935786714251;290;"Orange"
2021-08-30 14:55:00;"290 A-B";5;-53.2;0;14.5;1.02;0.0473;1.1022;"10G_MPR_NDOGBONG_3 - MPR_MISSOKE_UNIVERSITE_1";"Meteo_IUT";0.1935786714251;290;"Orange"
2021-08-30 15:10:00;"290 A-B";5;-53.2;0;14.5;1.02;0.0473;1.1022;"10G_MPR_NDOGBONG_3 - MPR_MISSOKE_UNIVERSITE_1";"Meteo_IUT";0.1935786714251;290;"Orange"
2021-08-30 15:25:00;"290 A-B";5;-53.2;0;14.5;1.02;0.0473;1.1022;"10G_MPR_NDOGBONG_3 - MPR_MISSOKE_UNIVERSITE_1";"Meteo_IUT";0.1935786714251;290;"Orange"
2021-08-30 15:40:00;"290 A-B";5;-53.2;0;14.5;1.02;0.0473;1.1022;"10G_MPR_NDOGBONG_3 - MPR_MISSOKE_UNIVERSITE_1";"Meteo_IUT";0.1935786714251;290;"Orange"
2021-08-30 15:55:00;"290 A-B";5;-53.2;0;14.5;1.02;0.0473;1.1022;"10G_MPR_NDOGBONG_3 - MPR_MISSOKE_UNIVERSITE_1";"Meteo_IUT";0.1935786714251;290;"Orange"
2021-08-30 16:10:00;"290 A-B";5;-53.2;0;14.5;1.02;0.0473;1.1022;"10G_MPR_NDOGBONG_3 - MPR_MISSOKE_UNIVERSITE_1";"Meteo_IUT";0.1935786714251;290;"Orange"
2021-08-30 16:25:00;"290 A-B";5;-53.1;0;14.5;1.02;0.0473;1.1022;"10G_MPR_NDOGBONG_3 - MPR_MISSOKE_UNIVERSITE_1";"Meteo_IUT";0.1935786714251;290;"Orange"
2021-08-30 16:40:00;"290 A-B";5;-53.2;0;14.5;1.02;0.0473;1.1022;"10G_MPR_NDOGBONG_3 - MPR_MISSOKE_UNIVERSITE_1";"Meteo_IUT";0.1935786714251;290;"Orange"
2021-08-30 16:55:00;"290 A-B";5;-53.1;0;14.5;1.02;0.0473;1.1022;"10G_MPR_NDOGBONG_3 - MPR_MISSOKE_UNIVERSITE_1";"Meteo_IUT";0.1935786714251;290;"Orange"
2021-08-30 17:10:00;"290 A-B";NA;NA;0;14.5;1.02;0.0473;1.1022;"10G_MPR_NDOGBONG_3 - MPR_MISSOKE_UNIVERSITE_1";"Meteo_IUT";0.1935786714251;290;"Orange"
2021-08-30 17:25:00;"290 A-B";NA;NA;0;14.5;1.02;0.0473;1.1022;"10G_MPR_NDOGBONG_3 - MPR_MISSOKE_UNIVERSITE_1";"Meteo_IUT";0.1935786714251;290;"Orange"
2021-08-30 17:40:00;"290 A-B";NA;NA;0;14.5;1.02;0.0473;1.1022;"10G_MPR_NDOGBONG_3 - MPR_MISSOKE_UNIVERSITE_1";"Meteo_IUT";0.1935786714251;290;"Orange"
2021-08-30 17:55:00;"290 A-B";NA;NA;0;14.5;1.02;0.0473;1.1022;"10G_MPR_NDOGBONG_3 - MPR_MISSOKE_UNIVERSITE_1";"Meteo_IUT";0.1935786714251;290;"Orange"
2021-08-30 18:10:00;"290 A-B";NA;NA;0;14.5;1.02;0.0473;1.1022;"10G_MPR_NDOGBONG_3 - MPR_MISSOKE_UNIVERSITE_1";"Meteo_IUT";0.1935786714251;290;"Orange"
2021-08-30 18:25:00;"290 A-B";NA;NA;0;14.5;1.02;0.0473;1.1022;"10G_MPR_NDOGBONG_3 - MPR_MISSOKE_UNIVERSITE_1";"Meteo_IUT";0.1935786714251;290;"Orange"
2021-08-30 18:40:00;"290 A-B";NA;NA;0;14.5;1.02;0.0473;1.1022;"10G_MPR_NDOGBONG_3 - MPR_MISSOKE_UNIVERSITE_1";"Meteo_IUT";0.1935786714251;290;"Orange"
2021-08-30 18:55:00;"290 A-B";NA;NA;0;14.5;1.02;0.0473;1.1022;"10G_MPR_NDOGBONG_3 - MPR_MISSOKE_UNIVERSITE_1";"Meteo_IUT";0.1935786714251;290;"Orange"
2021-08-30 19:10:00;"290 A-B";NA;NA;0;14.5;1.02;0.0473;1.1022;"10G_MPR_NDOGBONG_3 - MPR_MISSOKE_UNIVERSITE_1";"Meteo_IUT";0.1935786714251;290;"Orange"
2021-08-30 19:25:00;"290 A-B";NA;NA;0;14.5;1.02;0.0473;1.1022;"10G_MPR_NDOGBONG_3 - MPR_MISSOKE_UNIVERSITE_1";"Meteo_IUT";0.1935786714251;290;"Orange"
2021-08-30 19:40:00;"290 A-B";NA;NA;0;14.5;1.02;0.0473;1.1022;"10G_MPR_NDOGBONG_3 - MPR_MISSOKE_UNIVERSITE_1";"Meteo_IUT";0.1935786714251;290;"Orange"
2021-08-30 19:55:00;"290 A-B";NA;NA;0;14.5;1.02;0.0473;1.1022;"10G_MPR_NDOGBONG_3 - MPR_MISSOKE_UNIVERSITE_1";"Meteo_IUT";0.1935786714251;290;"Orange"
2021-08-30 20:10:00;"290 A-B";NA;NA;0;14.5;1.02;0.0473;1.1022;"10G_MPR_NDOGBONG_3 - MPR_MISSOKE_UNIVERSITE_1";"Meteo_IUT";0.1935786714251;290;"Orange"
2021-08-30 20:25:00;"290 A-B";NA;NA;0;14.5;1.02;0.0473;1.1022;"10G_MPR_NDOGBONG_3 - MPR_MISSOKE_UNIVERSITE_1";"Meteo_IUT";0.1935786714251;290;"Orange"
2021-08-30 20:40:00;"290 A-B";NA;NA;0;14.5;1.02;0.0473;1.1022;"10G_MPR_NDOGBONG_3 - MPR_MISSOKE_UNIVERSITE_1";"Meteo_IUT";0.1935786714251;290;"Orange"
2021-08-30 20:55:00;"290 A-B";NA;NA;0;14.5;1.02;0.0473;1.1022;"10G_MPR_NDOGBONG_3 - MPR_MISSOKE_UNIVERSITE_1";"Meteo_IUT";0.1935786714251;290;"Orange"
2021-08-30 21:10:00;"290 A-B";5;-53.2;0;14.5;1.02;0.0473;1.1022;"10G_MPR_NDOGBONG_3 - MPR_MISSOKE_UNIVERSITE_1";"Meteo_IUT";0.1935786714251;290;"Orange"
2021-08-30 21:25:00;"290 A-B";5;-53.1;0;14.5;1.02;0.0473;1.1022;"10G_MPR_NDOGBONG_3 - MPR_MISSOKE_UNIVERSITE_1";"Meteo_IUT";0.1935786714251;290;"Orange"
2021-08-30 21:40:00;"290 A-B";NA;NA;0;14.5;1.02;0.0473;1.1022;"10G_MPR_NDOGBONG_3 - MPR_MISSOKE_UNIVERSITE_1";"Meteo_IUT";0.1935786714251;290;"Orange"
2021-08-30 21:55:00;"290 A-B";5;-53.1;0;14.5;1.02;0.0473;1.1022;"10G_MPR_NDOGBONG_3 - MPR_MISSOKE_UNIVERSITE_1";"Meteo_IUT";0.1935786714251;290;"Orange"
2021-08-30 22:10:00;"290 A-B";5;-53.1;0;14.5;1.02;0.0473;1.1022;"10G_MPR_NDOGBONG_3 - MPR_MISSOKE_UNIVERSITE_1";"Meteo_IUT";0.1935786714251;290;"Orange"
2021-08-30 22:25:00;"290 A-B";5;-53.1;0;14.5;1.02;0.0473;1.1022;"10G_MPR_NDOGBONG_3 - MPR_MISSOKE_UNIVERSITE_1";"Meteo_IUT";0.1935786714251;290;"Orange"
2021-08-30 22:40:00;"290 A-B";7.5;-53.7;17.6;14.5;1.02;0.0473;1.1022;"10G_MPR_NDOGBONG_3 - MPR_MISSOKE_UNIVERSITE_1";"Meteo_IUT";0.1935786714251;290;"Orange"
2021-08-30 22:55:00;"290 A-B";7.6;-54.3;28.8;14.5;1.02;0.0473;1.1022;"10G_MPR_NDOGBONG_3 - MPR_MISSOKE_UNIVERSITE_1";"Meteo_IUT";0.1935786714251;290;"Orange"
2021-08-30 23:10:00;"290 A-B";8.3;-54.1;36;14.5;1.02;0.0473;1.1022;"10G_MPR_NDOGBONG_3 - MPR_MISSOKE_UNIVERSITE_1";"Meteo_IUT";0.1935786714251;290;"Orange"
2021-08-30 23:25:00;"290 A-B";6;-54.1;9.6;14.5;1.02;0.0473;1.1022;"10G_MPR_NDOGBONG_3 - MPR_MISSOKE_UNIVERSITE_1";"Meteo_IUT";0.1935786714251;290;"Orange"
2021-08-30 23:40:00;"290 A-B";5.7;-53.8;3.2;14.5;1.02;0.0473;1.1022;"10G_MPR_NDOGBONG_3 - MPR_MISSOKE_UNIVERSITE_1";"Meteo_IUT";0.1935786714251;290;"Orange"
2021-08-30 23:55:00;"290 A-B";5.2;-54;0.8;14.5;1.02;0.0473;1.1022;"10G_MPR_NDOGBONG_3 - MPR_MISSOKE_UNIVERSITE_1";"Meteo_IUT";0.1935786714251;290;"Orange"
2021-08-31 00:10:00;"290 A-B";5;-54.6;2.4;14.5;1.02;0.0473;1.1022;"10G_MPR_NDOGBONG_3 - MPR_MISSOKE_UNIVERSITE_1";"Meteo_IUT";0.1935786714251;290;"Orange"
2021-08-31 00:25:00;"290 A-B";5;-54.6;2.4;14.5;1.02;0.0473;1.1022;"10G_MPR_NDOGBONG_3 - MPR_MISSOKE_UNIVERSITE_1";"Meteo_IUT";0.1935786714251;290;"Orange"
2021-08-31 00:40:00;"290 A-B";5.4;-54.4;3.2;14.5;1.02;0.0473;1.1022;"10G_MPR_NDOGBONG_3 - MPR_MISSOKE_UNIVERSITE_1";"Meteo_IUT";0.1935786714251;290;"Orange"
2021-08-31 00:55:00;"290 A-B";5.5;-54.4;3.2;14.5;1.02;0.0473;1.1022;"10G_MPR_NDOGBONG_3 - MPR_MISSOKE_UNIVERSITE_1";"Meteo_IUT";0.1935786714251;290;"Orange"
2021-08-31 01:10:00;"290 A-B";5.5;-54.4;4;14.5;1.02;0.0473;1.1022;"10G_MPR_NDOGBONG_3 - MPR_MISSOKE_UNIVERSITE_1";"Meteo_IUT";0.1935786714251;290;"Orange"
2021-08-31 01:25:00;"290 A-B";5.5;-54.3;4;14.5;1.02;0.0473;1.1022;"10G_MPR_NDOGBONG_3 - MPR_MISSOKE_UNIVERSITE_1";"Meteo_IUT";0.1935786714251;290;"Orange"
2021-08-31 01:40:00;"290 A-B";5.3;-53.7;0.8;14.5;1.02;0.0473;1.1022;"10G_MPR_NDOGBONG_3 - MPR_MISSOKE_UNIVERSITE_1";"Meteo_IUT";0.1935786714251;290;"Orange"
2021-08-31 01:55:00;"290 A-B";5;-53.7;0;14.5;1.02;0.0473;1.1022;"10G_MPR_NDOGBONG_3 - MPR_MISSOKE_UNIVERSITE_1";"Meteo_IUT";0.1935786714251;290;"Orange"
2021-08-31 02:10:00;"290 A-B";5;-53.5;0;14.5;1.02;0.0473;1.1022;"10G_MPR_NDOGBONG_3 - MPR_MISSOKE_UNIVERSITE_1";"Meteo_IUT";0.1935786714251;290;"Orange"
2021-08-31 02:25:00;"290 A-B";5;-53.5;0;14.5;1.02;0.0473;1.1022;"10G_MPR_NDOGBONG_3 - MPR_MISSOKE_UNIVERSITE_1";"Meteo_IUT";0.1935786714251;290;"Orange"
2021-08-31 02:40:00;"290 A-B";5;-53.5;0;14.5;1.02;0.0473;1.1022;"10G_MPR_NDOGBONG_3 - MPR_MISSOKE_UNIVERSITE_1";"Meteo_IUT";0.1935786714251;290;"Orange"
2021-08-31 02:55:00;"290 A-B";5;-53.9;0.8;14.5;1.02;0.0473;1.1022;"10G_MPR_NDOGBONG_3 - MPR_MISSOKE_UNIVERSITE_1";"Meteo_IUT";0.1935786714251;290;"Orange"
2021-08-31 03:10:00;"290 A-B";5;-53.6;0.8;14.5;1.02;0.0473;1.1022;"10G_MPR_NDOGBONG_3 - MPR_MISSOKE_UNIVERSITE_1";"Meteo_IUT";0.1935786714251;290;"Orange"
2021-08-31 03:25:00;"290 A-B";5;-53.4;0;14.5;1.02;0.0473;1.1022;"10G_MPR_NDOGBONG_3 - MPR_MISSOKE_UNIVERSITE_1";"Meteo_IUT";0.1935786714251;290;"Orange"
2021-08-31 03:40:00;"290 A-B";5;-53.4;0;14.5;1.02;0.0473;1.1022;"10G_MPR_NDOGBONG_3 - MPR_MISSOKE_UNIVERSITE_1";"Meteo_IUT";0.1935786714251;290;"Orange"
2021-08-31 03:55:00;"290 A-B";5;-53.4;0;14.5;1.02;0.0473;1.1022;"10G_MPR_NDOGBONG_3 - MPR_MISSOKE_UNIVERSITE_1";"Meteo_IUT";0.1935786714251;290;"Orange"
2021-08-31 04:10:00;"290 A-B";5;-53.7;0;14.5;1.02;0.0473;1.1022;"10G_MPR_NDOGBONG_3 - MPR_MISSOKE_UNIVERSITE_1";"Meteo_IUT";0.1935786714251;290;"Orange"
2021-08-31 04:25:00;"290 A-B";5;-53.8;0;14.5;1.02;0.0473;1.1022;"10G_MPR_NDOGBONG_3 - MPR_MISSOKE_UNIVERSITE_1";"Meteo_IUT";0.1935786714251;290;"Orange"
2021-08-31 04:40:00;"290 A-B";5;-53.8;0.8;14.5;1.02;0.0473;1.1022;"10G_MPR_NDOGBONG_3 - MPR_MISSOKE_UNIVERSITE_1";"Meteo_IUT";0.1935786714251;290;"Orange"
2021-08-31 04:55:00;"290 A-B";5;-53.5;0;14.5;1.02;0.0473;1.1022;"10G_MPR_NDOGBONG_3 - MPR_MISSOKE_UNIVERSITE_1";"Meteo_IUT";0.1935786714251;290;"Orange"
2021-08-31 05:10:00;"290 A-B";5;-53.4;0;14.5;1.02;0.0473;1.1022;"10G_MPR_NDOGBONG_3 - MPR_MISSOKE_UNIVERSITE_1";"Meteo_IUT";0.1935786714251;290;"Orange"
2021-08-31 05:25:00;"290 A-B";5;-53.3;0;14.5;1.02;0.0473;1.1022;"10G_MPR_NDOGBONG_3 - MPR_MISSOKE_UNIVERSITE_1";"Meteo_IUT";0.1935786714251;290;"Orange"
2021-08-31 05:40:00;"290 A-B";5;-53.6;0;14.5;1.02;0.0473;1.1022;"10G_MPR_NDOGBONG_3 - MPR_MISSOKE_UNIVERSITE_1";"Meteo_IUT";0.1935786714251;290;"Orange"
2021-08-31 05:55:00;"290 A-B";5;-53.5;0;14.5;1.02;0.0473;1.1022;"10G_MPR_NDOGBONG_3 - MPR_MISSOKE_UNIVERSITE_1";"Meteo_IUT";0.1935786714251;290;"Orange"
2021-08-31 06:10:00;"290 A-B";5;-53.3;0;14.5;1.02;0.0473;1.1022;"10G_MPR_NDOGBONG_3 - MPR_MISSOKE_UNIVERSITE_1";"Meteo_IUT";0.1935786714251;290;"Orange"
2021-08-31 06:25:00;"290 A-B";5;-53.1;0;14.5;1.02;0.0473;1.1022;"10G_MPR_NDOGBONG_3 - MPR_MISSOKE_UNIVERSITE_1";"Meteo_IUT";0.1935786714251;290;"Orange"
2021-08-31 06:40:00;"290 A-B";5;-53.2;0;14.5;1.02;0.0473;1.1022;"10G_MPR_NDOGBONG_3 - MPR_MISSOKE_UNIVERSITE_1";"Meteo_IUT";0.1935786714251;290;"Orange"
2021-08-31 06:55:00;"290 A-B";5;-53.5;0.8;14.5;1.02;0.0473;1.1022;"10G_MPR_NDOGBONG_3 - MPR_MISSOKE_UNIVERSITE_1";"Meteo_IUT";0.1935786714251;290;"Orange"
2021-08-31 07:10:00;"290 A-B";5;-53.5;0;14.5;1.02;0.0473;1.1022;"10G_MPR_NDOGBONG_3 - MPR_MISSOKE_UNIVERSITE_1";"Meteo_IUT";0.1935786714251;290;"Orange"
2021-08-31 07:25:00;"290 A-B";5;-53.3;0;14.5;1.02;0.0473;1.1022;"10G_MPR_NDOGBONG_3 - MPR_MISSOKE_UNIVERSITE_1";"Meteo_IUT";0.1935786714251;290;"Orange"
2021-08-31 07:40:00;"290 A-B";5;-53.2;0;14.5;1.02;0.0473;1.1022;"10G_MPR_NDOGBONG_3 - MPR_MISSOKE_UNIVERSITE_1";"Meteo_IUT";0.1935786714251;290;"Orange"
2021-08-31 07:55:00;"290 A-B";5;-53.2;0;14.5;1.02;0.0473;1.1022;"10G_MPR_NDOGBONG_3 - MPR_MISSOKE_UNIVERSITE_1";"Meteo_IUT";0.1935786714251;290;"Orange"
2021-08-31 08:10:00;"290 A-B";5;-53.2;0;14.5;1.02;0.0473;1.1022;"10G_MPR_NDOGBONG_3 - MPR_MISSOKE_UNIVERSITE_1";"Meteo_IUT";0.1935786714251;290;"Orange"
2021-08-31 08:25:00;"290 A-B";5;-53.2;0;14.5;1.02;0.0473;1.1022;"10G_MPR_NDOGBONG_3 - MPR_MISSOKE_UNIVERSITE_1";"Meteo_IUT";0.1935786714251;290;"Orange"
2021-08-31 08:40:00;"290 A-B";5;-53.2;0;14.5;1.02;0.0473;1.1022;"10G_MPR_NDOGBONG_3 - MPR_MISSOKE_UNIVERSITE_1";"Meteo_IUT";0.1935786714251;290;"Orange"
2021-08-31 08:55:00;"290 A-B";NA;NA;0;14.5;1.02;0.0473;1.1022;"10G_MPR_NDOGBONG_3 - MPR_MISSOKE_UNIVERSITE_1";"Meteo_IUT";0.1935786714251;290;"Orange"
2021-08-31 09:10:00;"290 A-B";5;-53.2;0;14.5;1.02;0.0473;1.1022;"10G_MPR_NDOGBONG_3 - MPR_MISSOKE_UNIVERSITE_1";"Meteo_IUT";0.1935786714251;290;"Orange"
2021-08-31 09:25:00;"290 A-B";5;-53.2;0;14.5;1.02;0.0473;1.1022;"10G_MPR_NDOGBONG_3 - MPR_MISSOKE_UNIVERSITE_1";"Meteo_IUT";0.1935786714251;290;"Orange"
2021-08-31 09:40:00;"290 A-B";NA;NA;0;14.5;1.02;0.0473;1.1022;"10G_MPR_NDOGBONG_3 - MPR_MISSOKE_UNIVERSITE_1";"Meteo_IUT";0.1935786714251;290;"Orange"
2021-08-31 09:55:00;"290 A-B";NA;NA;0;14.5;1.02;0.0473;1.1022;"10G_MPR_NDOGBONG_3 - MPR_MISSOKE_UNIVERSITE_1";"Meteo_IUT";0.1935786714251;290;"Orange"
2021-08-31 10:10:00;"290 A-B";NA;NA;0;14.5;1.02;0.0473;1.1022;"10G_MPR_NDOGBONG_3 - MPR_MISSOKE_UNIVERSITE_1";"Meteo_IUT";0.1935786714251;290;"Orange"
2021-08-31 10:25:00;"290 A-B";5;-53.2;0;14.5;1.02;0.0473;1.1022;"10G_MPR_NDOGBONG_3 - MPR_MISSOKE_UNIVERSITE_1";"Meteo_IUT";0.1935786714251;290;"Orange"
2021-08-31 10:40:00;"290 A-B";NA;NA;0;14.5;1.02;0.0473;1.1022;"10G_MPR_NDOGBONG_3 - MPR_MISSOKE_UNIVERSITE_1";"Meteo_IUT";0.1935786714251;290;"Orange"
2021-08-31 10:55:00;"290 A-B";5;-53.2;0;14.5;1.02;0.0473;1.1022;"10G_MPR_NDOGBONG_3 - MPR_MISSOKE_UNIVERSITE_1";"Meteo_IUT";0.1935786714251;290;"Orange"
2021-08-31 11:10:00;"290 A-B";5;-53.2;0;14.5;1.02;0.0473;1.1022;"10G_MPR_NDOGBONG_3 - MPR_MISSOKE_UNIVERSITE_1";"Meteo_IUT";0.1935786714251;290;"Orange"
2021-08-31 11:25:00;"290 A-B";5;-53.2;0;14.5;1.02;0.0473;1.1022;"10G_MPR_NDOGBONG_3 - MPR_MISSOKE_UNIVERSITE_1";"Meteo_IUT";0.1935786714251;290;"Orange"
2021-08-31 11:40:00;"290 A-B";5;-53.2;0;14.5;1.02;0.0473;1.1022;"10G_MPR_NDOGBONG_3 - MPR_MISSOKE_UNIVERSITE_1";"Meteo_IUT";0.1935786714251;290;"Orange"
2021-08-31 11:55:00;"290 A-B";5;-53.2;0;14.5;1.02;0.0473;1.1022;"10G_MPR_NDOGBONG_3 - MPR_MISSOKE_UNIVERSITE_1";"Meteo_IUT";0.1935786714251;290;"Orange"
2021-08-31 12:10:00;"290 A-B";5;-53.2;0;14.5;1.02;0.0473;1.1022;"10G_MPR_NDOGBONG_3 - MPR_MISSOKE_UNIVERSITE_1";"Meteo_IUT";0.1935786714251;290;"Orange"
2021-08-31 12:25:00;"290 A-B";5;-53.1;0;14.5;1.02;0.0473;1.1022;"10G_MPR_NDOGBONG_3 - MPR_MISSOKE_UNIVERSITE_1";"Meteo_IUT";0.1935786714251;290;"Orange"
2021-08-31 12:40:00;"290 A-B";5;-53.2;0;14.5;1.02;0.0473;1.1022;"10G_MPR_NDOGBONG_3 - MPR_MISSOKE_UNIVERSITE_1";"Meteo_IUT";0.1935786714251;290;"Orange"
2021-08-31 12:55:00;"290 A-B";5;-53.1;0;14.5;1.02;0.0473;1.1022;"10G_MPR_NDOGBONG_3 - MPR_MISSOKE_UNIVERSITE_1";"Meteo_IUT";0.1935786714251;290;"Orange"
2021-08-31 13:10:00;"290 A-B";5;-53.2;0;14.5;1.02;0.0473;1.1022;"10G_MPR_NDOGBONG_3 - MPR_MISSOKE_UNIVERSITE_1";"Meteo_IUT";0.1935786714251;290;"Orange"
2021-08-31 13:25:00;"290 A-B";5;-53.1;0;14.5;1.02;0.0473;1.1022;"10G_MPR_NDOGBONG_3 - MPR_MISSOKE_UNIVERSITE_1";"Meteo_IUT";0.1935786714251;290;"Orange"
2021-08-31 13:40:00;"290 A-B";5;-53.1;0;14.5;1.02;0.0473;1.1022;"10G_MPR_NDOGBONG_3 - MPR_MISSOKE_UNIVERSITE_1";"Meteo_IUT";0.1935786714251;290;"Orange"
2021-08-31 13:55:00;"290 A-B";5;-53.1;0;14.5;1.02;0.0473;1.1022;"10G_MPR_NDOGBONG_3 - MPR_MISSOKE_UNIVERSITE_1";"Meteo_IUT";0.1935786714251;290;"Orange"
2021-08-31 14:10:00;"290 A-B";5;-53.1;0;14.5;1.02;0.0473;1.1022;"10G_MPR_NDOGBONG_3 - MPR_MISSOKE_UNIVERSITE_1";"Meteo_IUT";0.1935786714251;290;"Orange"
2021-08-31 14:25:00;"290 A-B";5;-53.1;0;14.5;1.02;0.0473;1.1022;"10G_MPR_NDOGBONG_3 - MPR_MISSOKE_UNIVERSITE_1";"Meteo_IUT";0.1935786714251;290;"Orange"
2021-08-31 14:40:00;"290 A-B";5;-53.1;0;14.5;1.02;0.0473;1.1022;"10G_MPR_NDOGBONG_3 - MPR_MISSOKE_UNIVERSITE_1";"Meteo_IUT";0.1935786714251;290;"Orange"
2021-08-31 14:55:00;"290 A-B";5;-53.1;0;14.5;1.02;0.0473;1.1022;"10G_MPR_NDOGBONG_3 - MPR_MISSOKE_UNIVERSITE_1";"Meteo_IUT";0.1935786714251;290;"Orange"
2021-08-31 15:10:00;"290 A-B";NA;NA;0;14.5;1.02;0.0473;1.1022;"10G_MPR_NDOGBONG_3 - MPR_MISSOKE_UNIVERSITE_1";"Meteo_IUT";0.1935786714251;290;"Orange"
2021-08-31 15:25:00;"290 A-B";NA;NA;0;14.5;1.02;0.0473;1.1022;"10G_MPR_NDOGBONG_3 - MPR_MISSOKE_UNIVERSITE_1";"Meteo_IUT";0.1935786714251;290;"Orange"
2021-08-31 15:40:00;"290 A-B";NA;NA;0;14.5;1.02;0.0473;1.1022;"10G_MPR_NDOGBONG_3 - MPR_MISSOKE_UNIVERSITE_1";"Meteo_IUT";0.1935786714251;290;"Orange"
2021-08-31 15:55:00;"290 A-B";5;-53.1;0;14.5;1.02;0.0473;1.1022;"10G_MPR_NDOGBONG_3 - MPR_MISSOKE_UNIVERSITE_1";"Meteo_IUT";0.1935786714251;290;"Orange"
2021-08-31 16:10:00;"290 A-B";5;-53;0;14.5;1.02;0.0473;1.1022;"10G_MPR_NDOGBONG_3 - MPR_MISSOKE_UNIVERSITE_1";"Meteo_IUT";0.1935786714251;290;"Orange"
2021-08-31 16:25:00;"290 A-B";5;-53;0;14.5;1.02;0.0473;1.1022;"10G_MPR_NDOGBONG_3 - MPR_MISSOKE_UNIVERSITE_1";"Meteo_IUT";0.1935786714251;290;"Orange"
2021-08-31 16:40:00;"290 A-B";5;-53;0;14.5;1.02;0.0473;1.1022;"10G_MPR_NDOGBONG_3 - MPR_MISSOKE_UNIVERSITE_1";"Meteo_IUT";0.1935786714251;290;"Orange"
2021-08-31 16:55:00;"290 A-B";5;-53;0;14.5;1.02;0.0473;1.1022;"10G_MPR_NDOGBONG_3 - MPR_MISSOKE_UNIVERSITE_1";"Meteo_IUT";0.1935786714251;290;"Orange"
2021-08-31 17:10:00;"290 A-B";5;-53;0;14.5;1.02;0.0473;1.1022;"10G_MPR_NDOGBONG_3 - MPR_MISSOKE_UNIVERSITE_1";"Meteo_IUT";0.1935786714251;290;"Orange"
2021-08-31 17:25:00;"290 A-B";5;-53;0;14.5;1.02;0.0473;1.1022;"10G_MPR_NDOGBONG_3 - MPR_MISSOKE_UNIVERSITE_1";"Meteo_IUT";0.1935786714251;290;"Orange"
2021-08-31 17:40:00;"290 A-B";5;-52.9;0;14.5;1.02;0.0473;1.1022;"10G_MPR_NDOGBONG_3 - MPR_MISSOKE_UNIVERSITE_1";"Meteo_IUT";0.1935786714251;290;"Orange"
2021-08-31 17:55:00;"290 A-B";NA;NA;0;14.5;1.02;0.0473;1.1022;"10G_MPR_NDOGBONG_3 - MPR_MISSOKE_UNIVERSITE_1";"Meteo_IUT";0.1935786714251;290;"Orange"
2021-08-31 18:10:00;"290 A-B";NA;NA;0;14.5;1.02;0.0473;1.1022;"10G_MPR_NDOGBONG_3 - MPR_MISSOKE_UNIVERSITE_1";"Meteo_IUT";0.1935786714251;290;"Orange"
2021-08-31 18:25:00;"290 A-B";NA;NA;0;14.5;1.02;0.0473;1.1022;"10G_MPR_NDOGBONG_3 - MPR_MISSOKE_UNIVERSITE_1";"Meteo_IUT";0.1935786714251;290;"Orange"
2021-08-31 18:40:00;"290 A-B";NA;NA;0;14.5;1.02;0.0473;1.1022;"10G_MPR_NDOGBONG_3 - MPR_MISSOKE_UNIVERSITE_1";"Meteo_IUT";0.1935786714251;290;"Orange"
2021-08-31 18:55:00;"290 A-B";5;-52.9;0;14.5;1.02;0.0473;1.1022;"10G_MPR_NDOGBONG_3 - MPR_MISSOKE_UNIVERSITE_1";"Meteo_IUT";0.1935786714251;290;"Orange"
2021-08-31 19:10:00;"290 A-B";NA;NA;0;14.5;1.02;0.0473;1.1022;"10G_MPR_NDOGBONG_3 - MPR_MISSOKE_UNIVERSITE_1";"Meteo_IUT";0.1935786714251;290;"Orange"
2021-08-31 19:25:00;"290 A-B";NA;NA;0;14.5;1.02;0.0473;1.1022;"10G_MPR_NDOGBONG_3 - MPR_MISSOKE_UNIVERSITE_1";"Meteo_IUT";0.1935786714251;290;"Orange"
2021-08-31 19:40:00;"290 A-B";NA;NA;0;14.5;1.02;0.0473;1.1022;"10G_MPR_NDOGBONG_3 - MPR_MISSOKE_UNIVERSITE_1";"Meteo_IUT";0.1935786714251;290;"Orange"
2021-08-31 19:55:00;"290 A-B";NA;NA;0;14.5;1.02;0.0473;1.1022;"10G_MPR_NDOGBONG_3 - MPR_MISSOKE_UNIVERSITE_1";"Meteo_IUT";0.1935786714251;290;"Orange"
2021-08-31 20:10:00;"290 A-B";NA;NA;0;14.5;1.02;0.0473;1.1022;"10G_MPR_NDOGBONG_3 - MPR_MISSOKE_UNIVERSITE_1";"Meteo_IUT";0.1935786714251;290;"Orange"
2021-08-31 20:25:00;"290 A-B";NA;NA;0;14.5;1.02;0.0473;1.1022;"10G_MPR_NDOGBONG_3 - MPR_MISSOKE_UNIVERSITE_1";"Meteo_IUT";0.1935786714251;290;"Orange"
2021-08-31 20:40:00;"290 A-B";NA;NA;0;14.5;1.02;0.0473;1.1022;"10G_MPR_NDOGBONG_3 - MPR_MISSOKE_UNIVERSITE_1";"Meteo_IUT";0.1935786714251;290;"Orange"
2021-08-31 20:55:00;"290 A-B";5;-53;0;14.5;1.02;0.0473;1.1022;"10G_MPR_NDOGBONG_3 - MPR_MISSOKE_UNIVERSITE_1";"Meteo_IUT";0.1935786714251;290;"Orange"
2021-08-31 21:10:00;"290 A-B";NA;NA;0;14.5;1.02;0.0473;1.1022;"10G_MPR_NDOGBONG_3 - MPR_MISSOKE_UNIVERSITE_1";"Meteo_IUT";0.1935786714251;290;"Orange"
2021-08-31 21:25:00;"290 A-B";NA;NA;0;14.5;1.02;0.0473;1.1022;"10G_MPR_NDOGBONG_3 - MPR_MISSOKE_UNIVERSITE_1";"Meteo_IUT";0.1935786714251;290;"Orange"
2021-08-31 21:40:00;"290 A-B";5;-52.9;0;14.5;1.02;0.0473;1.1022;"10G_MPR_NDOGBONG_3 - MPR_MISSOKE_UNIVERSITE_1";"Meteo_IUT";0.1935786714251;290;"Orange"
2021-08-31 21:55:00;"290 A-B";5;-53;0;14.5;1.02;0.0473;1.1022;"10G_MPR_NDOGBONG_3 - MPR_MISSOKE_UNIVERSITE_1";"Meteo_IUT";0.1935786714251;290;"Orange"
2021-08-31 22:10:00;"290 A-B";5;-53.1;0;14.5;1.02;0.0473;1.1022;"10G_MPR_NDOGBONG_3 - MPR_MISSOKE_UNIVERSITE_1";"Meteo_IUT";0.1935786714251;290;"Orange"
2021-08-31 22:25:00;"290 A-B";5;-53;0;14.5;1.02;0.0473;1.1022;"10G_MPR_NDOGBONG_3 - MPR_MISSOKE_UNIVERSITE_1";"Meteo_IUT";0.1935786714251;290;"Orange"
2021-08-31 22:40:00;"290 A-B";5;-53;0;14.5;1.02;0.0473;1.1022;"10G_MPR_NDOGBONG_3 - MPR_MISSOKE_UNIVERSITE_1";"Meteo_IUT";0.1935786714251;290;"Orange"
2021-08-31 22:55:00;"290 A-B";5;-53;0;14.5;1.02;0.0473;1.1022;"10G_MPR_NDOGBONG_3 - MPR_MISSOKE_UNIVERSITE_1";"Meteo_IUT";0.1935786714251;290;"Orange"
2021-08-31 23:10:00;"290 A-B";5;-53;0;14.5;1.02;0.0473;1.1022;"10G_MPR_NDOGBONG_3 - MPR_MISSOKE_UNIVERSITE_1";"Meteo_IUT";0.1935786714251;290;"Orange"
2021-08-31 23:25:00;"290 A-B";5;-53;0;14.5;1.02;0.0473;1.1022;"10G_MPR_NDOGBONG_3 - MPR_MISSOKE_UNIVERSITE_1";"Meteo_IUT";0.1935786714251;290;"Orange"
2021-08-31 23:40:00;"290 A-B";5;-53.1;0;14.5;1.02;0.0473;1.1022;"10G_MPR_NDOGBONG_3 - MPR_MISSOKE_UNIVERSITE_1";"Meteo_IUT";0.1935786714251;290;"Orange"
2021-08-31 23:55:00;"290 A-B";5;-53.1;0;14.5;1.02;0.0473;1.1022;"10G_MPR_NDOGBONG_3 - MPR_MISSOKE_UNIVERSITE_1";"Meteo_IUT";0.1935786714251;290;"Orange"
2021-09-01 00:10:00;"290 A-B";5;-53;0;14.5;1.02;0.0473;1.1022;"10G_MPR_NDOGBONG_3 - MPR_MISSOKE_UNIVERSITE_1";"Meteo_IUT";0.1935786714251;290;"Orange"
2021-09-01 00:25:00;"290 A-B";5;-53;0;14.5;1.02;0.0473;1.1022;"10G_MPR_NDOGBONG_3 - MPR_MISSOKE_UNIVERSITE_1";"Meteo_IUT";0.1935786714251;290;"Orange"
2021-09-01 00:40:00;"290 A-B";5;-53;0;14.5;1.02;0.0473;1.1022;"10G_MPR_NDOGBONG_3 - MPR_MISSOKE_UNIVERSITE_1";"Meteo_IUT";0.1935786714251;290;"Orange"
2021-09-01 00:55:00;"290 A-B";5;-53.1;0;14.5;1.02;0.0473;1.1022;"10G_MPR_NDOGBONG_3 - MPR_MISSOKE_UNIVERSITE_1";"Meteo_IUT";0.1935786714251;290;"Orange"
2021-09-01 01:10:00;"290 A-B";5;-53.1;0;14.5;1.02;0.0473;1.1022;"10G_MPR_NDOGBONG_3 - MPR_MISSOKE_UNIVERSITE_1";"Meteo_IUT";0.1935786714251;290;"Orange"
2021-09-01 01:25:00;"290 A-B";5;-53.1;0;14.5;1.02;0.0473;1.1022;"10G_MPR_NDOGBONG_3 - MPR_MISSOKE_UNIVERSITE_1";"Meteo_IUT";0.1935786714251;290;"Orange"
2021-09-01 01:40:00;"290 A-B";5;-53.1;0;14.5;1.02;0.0473;1.1022;"10G_MPR_NDOGBONG_3 - MPR_MISSOKE_UNIVERSITE_1";"Meteo_IUT";0.1935786714251;290;"Orange"
2021-09-01 01:55:00;"290 A-B";5;-53.1;0;14.5;1.02;0.0473;1.1022;"10G_MPR_NDOGBONG_3 - MPR_MISSOKE_UNIVERSITE_1";"Meteo_IUT";0.1935786714251;290;"Orange"
2021-09-01 02:10:00;"290 A-B";5;-53;0;14.5;1.02;0.0473;1.1022;"10G_MPR_NDOGBONG_3 - MPR_MISSOKE_UNIVERSITE_1";"Meteo_IUT";0.1935786714251;290;"Orange"
2021-09-01 02:25:00;"290 A-B";5;-53;0;14.5;1.02;0.0473;1.1022;"10G_MPR_NDOGBONG_3 - MPR_MISSOKE_UNIVERSITE_1";"Meteo_IUT";0.1935786714251;290;"Orange"
2021-09-01 02:40:00;"290 A-B";5;-53;0;14.5;1.02;0.0473;1.1022;"10G_MPR_NDOGBONG_3 - MPR_MISSOKE_UNIVERSITE_1";"Meteo_IUT";0.1935786714251;290;"Orange"
2021-09-01 02:55:00;"290 A-B";5;-53;0;14.5;1.02;0.0473;1.1022;"10G_MPR_NDOGBONG_3 - MPR_MISSOKE_UNIVERSITE_1";"Meteo_IUT";0.1935786714251;290;"Orange"
2021-09-01 03:10:00;"290 A-B";5;-53;0;14.5;1.02;0.0473;1.1022;"10G_MPR_NDOGBONG_3 - MPR_MISSOKE_UNIVERSITE_1";"Meteo_IUT";0.1935786714251;290;"Orange"
2021-09-01 03:25:00;"290 A-B";5;-53;0;14.5;1.02;0.0473;1.1022;"10G_MPR_NDOGBONG_3 - MPR_MISSOKE_UNIVERSITE_1";"Meteo_IUT";0.1935786714251;290;"Orange"
2021-09-01 03:40:00;"290 A-B";5;-53;0;14.5;1.02;0.0473;1.1022;"10G_MPR_NDOGBONG_3 - MPR_MISSOKE_UNIVERSITE_1";"Meteo_IUT";0.1935786714251;290;"Orange"
2021-09-01 03:55:00;"290 A-B";5;-53;0;14.5;1.02;0.0473;1.1022;"10G_MPR_NDOGBONG_3 - MPR_MISSOKE_UNIVERSITE_1";"Meteo_IUT";0.1935786714251;290;"Orange"
2021-09-01 04:10:00;"290 A-B";5;-53.1;0;14.5;1.02;0.0473;1.1022;"10G_MPR_NDOGBONG_3 - MPR_MISSOKE_UNIVERSITE_1";"Meteo_IUT";0.1935786714251;290;"Orange"
2021-09-01 04:25:00;"290 A-B";5;-53.2;0;14.5;1.02;0.0473;1.1022;"10G_MPR_NDOGBONG_3 - MPR_MISSOKE_UNIVERSITE_1";"Meteo_IUT";0.1935786714251;290;"Orange"
2021-09-01 04:40:00;"290 A-B";5;-53.1;0;14.5;1.02;0.0473;1.1022;"10G_MPR_NDOGBONG_3 - MPR_MISSOKE_UNIVERSITE_1";"Meteo_IUT";0.1935786714251;290;"Orange"
2021-09-01 04:55:00;"290 A-B";5;-53;0;14.5;1.02;0.0473;1.1022;"10G_MPR_NDOGBONG_3 - MPR_MISSOKE_UNIVERSITE_1";"Meteo_IUT";0.1935786714251;290;"Orange"
2021-09-01 05:10:00;"290 A-B";5;-53.3;0;14.5;1.02;0.0473;1.1022;"10G_MPR_NDOGBONG_3 - MPR_MISSOKE_UNIVERSITE_1";"Meteo_IUT";0.1935786714251;290;"Orange"
2021-09-01 05:25:00;"290 A-B";5;-53.2;0;14.5;1.02;0.0473;1.1022;"10G_MPR_NDOGBONG_3 - MPR_MISSOKE_UNIVERSITE_1";"Meteo_IUT";0.1935786714251;290;"Orange"
2021-09-01 05:40:00;"290 A-B";5;-53;0;14.5;1.02;0.0473;1.1022;"10G_MPR_NDOGBONG_3 - MPR_MISSOKE_UNIVERSITE_1";"Meteo_IUT";0.1935786714251;290;"Orange"
2021-09-01 05:55:00;"290 A-B";5;-53.1;0;14.5;1.02;0.0473;1.1022;"10G_MPR_NDOGBONG_3 - MPR_MISSOKE_UNIVERSITE_1";"Meteo_IUT";0.1935786714251;290;"Orange"
2021-09-01 06:10:00;"290 A-B";5;-53.2;0;14.5;1.02;0.0473;1.1022;"10G_MPR_NDOGBONG_3 - MPR_MISSOKE_UNIVERSITE_1";"Meteo_IUT";0.1935786714251;290;"Orange"
2021-09-01 06:25:00;"290 A-B";5;-53.2;0;14.5;1.02;0.0473;1.1022;"10G_MPR_NDOGBONG_3 - MPR_MISSOKE_UNIVERSITE_1";"Meteo_IUT";0.1935786714251;290;"Orange"
2021-09-01 06:40:00;"290 A-B";5;-53;0;14.5;1.02;0.0473;1.1022;"10G_MPR_NDOGBONG_3 - MPR_MISSOKE_UNIVERSITE_1";"Meteo_IUT";0.1935786714251;290;"Orange"
2021-09-01 06:55:00;"290 A-B";5;-53;0;14.5;1.02;0.0473;1.1022;"10G_MPR_NDOGBONG_3 - MPR_MISSOKE_UNIVERSITE_1";"Meteo_IUT";0.1935786714251;290;"Orange"
2021-09-01 07:10:00;"290 A-B";5;-53.1;0;14.5;1.02;0.0473;1.1022;"10G_MPR_NDOGBONG_3 - MPR_MISSOKE_UNIVERSITE_1";"Meteo_IUT";0.1935786714251;290;"Orange"
2021-09-01 07:25:00;"290 A-B";5;-53.2;0;14.5;1.02;0.0473;1.1022;"10G_MPR_NDOGBONG_3 - MPR_MISSOKE_UNIVERSITE_1";"Meteo_IUT";0.1935786714251;290;"Orange"
2021-09-01 07:40:00;"290 A-B";5.4;-54.1;8;14.5;1.02;0.0473;1.1022;"10G_MPR_NDOGBONG_3 - MPR_MISSOKE_UNIVERSITE_1";"Meteo_IUT";0.1935786714251;290;"Orange"
2021-09-01 07:55:00;"290 A-B";5.2;-53.6;4;14.5;1.02;0.0473;1.1022;"10G_MPR_NDOGBONG_3 - MPR_MISSOKE_UNIVERSITE_1";"Meteo_IUT";0.1935786714251;290;"Orange"
2021-09-01 08:10:00;"290 A-B";5;-53.2;0;14.5;1.02;0.0473;1.1022;"10G_MPR_NDOGBONG_3 - MPR_MISSOKE_UNIVERSITE_1";"Meteo_IUT";0.1935786714251;290;"Orange"
2021-09-01 08:25:00;"290 A-B";5;-53.2;0;14.5;1.02;0.0473;1.1022;"10G_MPR_NDOGBONG_3 - MPR_MISSOKE_UNIVERSITE_1";"Meteo_IUT";0.1935786714251;290;"Orange"
2021-09-01 08:40:00;"290 A-B";NA;NA;0;14.5;1.02;0.0473;1.1022;"10G_MPR_NDOGBONG_3 - MPR_MISSOKE_UNIVERSITE_1";"Meteo_IUT";0.1935786714251;290;"Orange"
2021-09-01 08:55:00;"290 A-B";5;-53.9;0.8;14.5;1.02;0.0473;1.1022;"10G_MPR_NDOGBONG_3 - MPR_MISSOKE_UNIVERSITE_1";"Meteo_IUT";0.1935786714251;290;"Orange"
2021-09-01 09:10:00;"290 A-B";6.7;-54;21.6;14.5;1.02;0.0473;1.1022;"10G_MPR_NDOGBONG_3 - MPR_MISSOKE_UNIVERSITE_1";"Meteo_IUT";0.1935786714251;290;"Orange"
2021-09-01 09:25:00;"290 A-B";5.6;-54;7.2;14.5;1.02;0.0473;1.1022;"10G_MPR_NDOGBONG_3 - MPR_MISSOKE_UNIVERSITE_1";"Meteo_IUT";0.1935786714251;290;"Orange"
2021-09-01 09:40:00;"290 A-B";7.5;-53.9;19.2;14.5;1.02;0.0473;1.1022;"10G_MPR_NDOGBONG_3 - MPR_MISSOKE_UNIVERSITE_1";"Meteo_IUT";0.1935786714251;290;"Orange"
2021-09-01 09:55:00;"290 A-B";NA;NA;12;14.5;1.02;0.0473;1.1022;"10G_MPR_NDOGBONG_3 - MPR_MISSOKE_UNIVERSITE_1";"Meteo_IUT";0.1935786714251;290;"Orange"
2021-09-01 10:10:00;"290 A-B";NA;NA;94.4;14.5;1.02;0.0473;1.1022;"10G_MPR_NDOGBONG_3 - MPR_MISSOKE_UNIVERSITE_1";"Meteo_IUT";0.1935786714251;290;"Orange"
2021-09-01 10:25:00;"290 A-B";NA;NA;8.8;14.5;1.02;0.0473;1.1022;"10G_MPR_NDOGBONG_3 - MPR_MISSOKE_UNIVERSITE_1";"Meteo_IUT";0.1935786714251;290;"Orange"
2021-09-01 10:40:00;"290 A-B";5.3;-54.1;3.2;14.5;1.02;0.0473;1.1022;"10G_MPR_NDOGBONG_3 - MPR_MISSOKE_UNIVERSITE_1";"Meteo_IUT";0.1935786714251;290;"Orange"
2021-09-01 10:55:00;"290 A-B";5.4;-54.2;4;14.5;1.02;0.0473;1.1022;"10G_MPR_NDOGBONG_3 - MPR_MISSOKE_UNIVERSITE_1";"Meteo_IUT";0.1935786714251;290;"Orange"
2021-09-01 11:10:00;"290 A-B";5;-54;2.4;14.5;1.02;0.0473;1.1022;"10G_MPR_NDOGBONG_3 - MPR_MISSOKE_UNIVERSITE_1";"Meteo_IUT";0.1935786714251;290;"Orange"
2021-09-01 11:25:00;"290 A-B";6.1;-54.2;8.8;14.5;1.02;0.0473;1.1022;"10G_MPR_NDOGBONG_3 - MPR_MISSOKE_UNIVERSITE_1";"Meteo_IUT";0.1935786714251;290;"Orange"
2021-09-01 11:40:00;"290 A-B";9.8;-54.2;68.8;14.5;1.02;0.0473;1.1022;"10G_MPR_NDOGBONG_3 - MPR_MISSOKE_UNIVERSITE_1";"Meteo_IUT";0.1935786714251;290;"Orange"
2021-09-01 11:55:00;"290 A-B";7.2;-54.2;20;14.5;1.02;0.0473;1.1022;"10G_MPR_NDOGBONG_3 - MPR_MISSOKE_UNIVERSITE_1";"Meteo_IUT";0.1935786714251;290;"Orange"
2021-09-01 12:10:00;"290 A-B";6.5;-54.1;23.2;14.5;1.02;0.0473;1.1022;"10G_MPR_NDOGBONG_3 - MPR_MISSOKE_UNIVERSITE_1";"Meteo_IUT";0.1935786714251;290;"Orange"
2021-09-01 12:25:00;"290 A-B";6.4;-54.5;12.8;14.5;1.02;0.0473;1.1022;"10G_MPR_NDOGBONG_3 - MPR_MISSOKE_UNIVERSITE_1";"Meteo_IUT";0.1935786714251;290;"Orange"
2021-09-01 12:40:00;"290 A-B";10.3;-54.4;47.2;14.5;1.02;0.0473;1.1022;"10G_MPR_NDOGBONG_3 - MPR_MISSOKE_UNIVERSITE_1";"Meteo_IUT";0.1935786714251;290;"Orange"
2021-09-01 12:55:00;"290 A-B";11.2;-54.1;69.6;14.5;1.02;0.0473;1.1022;"10G_MPR_NDOGBONG_3 - MPR_MISSOKE_UNIVERSITE_1";"Meteo_IUT";0.1935786714251;290;"Orange"
2021-09-01 13:10:00;"290 A-B";NA;NA;24.8;14.5;1.02;0.0473;1.1022;"10G_MPR_NDOGBONG_3 - MPR_MISSOKE_UNIVERSITE_1";"Meteo_IUT";0.1935786714251;290;"Orange"
2021-09-01 13:25:00;"290 A-B";8.5;-54.1;36;14.5;1.02;0.0473;1.1022;"10G_MPR_NDOGBONG_3 - MPR_MISSOKE_UNIVERSITE_1";"Meteo_IUT";0.1935786714251;290;"Orange"
2021-09-01 13:40:00;"290 A-B";7.6;-54;22.4;14.5;1.02;0.0473;1.1022;"10G_MPR_NDOGBONG_3 - MPR_MISSOKE_UNIVERSITE_1";"Meteo_IUT";0.1935786714251;290;"Orange"
2021-09-01 13:55:00;"290 A-B";NA;NA;4.8;14.5;1.02;0.0473;1.1022;"10G_MPR_NDOGBONG_3 - MPR_MISSOKE_UNIVERSITE_1";"Meteo_IUT";0.1935786714251;290;"Orange"
2021-09-01 14:10:00;"290 A-B";8.6;-54.2;35.2;14.5;1.02;0.0473;1.1022;"10G_MPR_NDOGBONG_3 - MPR_MISSOKE_UNIVERSITE_1";"Meteo_IUT";0.1935786714251;290;"Orange"
2021-09-01 14:25:00;"290 A-B";NA;NA;23.2;14.5;1.02;0.0473;1.1022;"10G_MPR_NDOGBONG_3 - MPR_MISSOKE_UNIVERSITE_1";"Meteo_IUT";0.1935786714251;290;"Orange"
2021-09-01 14:40:00;"290 A-B";10;-54.3;48.8;14.5;1.02;0.0473;1.1022;"10G_MPR_NDOGBONG_3 - MPR_MISSOKE_UNIVERSITE_1";"Meteo_IUT";0.1935786714251;290;"Orange"
2021-09-01 14:55:00;"290 A-B";10.5;-54.2;74.4;14.5;1.02;0.0473;1.1022;"10G_MPR_NDOGBONG_3 - MPR_MISSOKE_UNIVERSITE_1";"Meteo_IUT";0.1935786714251;290;"Orange"
2021-09-01 15:10:00;"290 A-B";7.5;-54.3;33.6;14.5;1.02;0.0473;1.1022;"10G_MPR_NDOGBONG_3 - MPR_MISSOKE_UNIVERSITE_1";"Meteo_IUT";0.1935786714251;290;"Orange"
2021-09-01 15:25:00;"290 A-B";7.6;-54.3;23.2;14.5;1.02;0.0473;1.1022;"10G_MPR_NDOGBONG_3 - MPR_MISSOKE_UNIVERSITE_1";"Meteo_IUT";0.1935786714251;290;"Orange"
2021-09-01 15:40:00;"290 A-B";NA;NA;12.8;14.5;1.02;0.0473;1.1022;"10G_MPR_NDOGBONG_3 - MPR_MISSOKE_UNIVERSITE_1";"Meteo_IUT";0.1935786714251;290;"Orange"
2021-09-01 15:55:00;"290 A-B";NA;NA;0.8;14.5;1.02;0.0473;1.1022;"10G_MPR_NDOGBONG_3 - MPR_MISSOKE_UNIVERSITE_1";"Meteo_IUT";0.1935786714251;290;"Orange"
2021-09-01 16:10:00;"290 A-B";5;-53.1;0;14.5;1.02;0.0473;1.1022;"10G_MPR_NDOGBONG_3 - MPR_MISSOKE_UNIVERSITE_1";"Meteo_IUT";0.1935786714251;290;"Orange"
2021-09-01 16:25:00;"290 A-B";NA;NA;0.8;14.5;1.02;0.0473;1.1022;"10G_MPR_NDOGBONG_3 - MPR_MISSOKE_UNIVERSITE_1";"Meteo_IUT";0.1935786714251;290;"Orange"
2021-09-01 16:40:00;"290 A-B";NA;NA;7.2;14.5;1.02;0.0473;1.1022;"10G_MPR_NDOGBONG_3 - MPR_MISSOKE_UNIVERSITE_1";"Meteo_IUT";0.1935786714251;290;"Orange"
2021-09-01 16:55:00;"290 A-B";NA;NA;2.4;14.5;1.02;0.0473;1.1022;"10G_MPR_NDOGBONG_3 - MPR_MISSOKE_UNIVERSITE_1";"Meteo_IUT";0.1935786714251;290;"Orange"
2021-09-01 17:10:00;"290 A-B";5;-54.2;5.6;14.5;1.02;0.0473;1.1022;"10G_MPR_NDOGBONG_3 - MPR_MISSOKE_UNIVERSITE_1";"Meteo_IUT";0.1935786714251;290;"Orange"
2021-09-01 17:25:00;"290 A-B";5.5;-54;9.6;14.5;1.02;0.0473;1.1022;"10G_MPR_NDOGBONG_3 - MPR_MISSOKE_UNIVERSITE_1";"Meteo_IUT";0.1935786714251;290;"Orange"
2021-09-01 17:40:00;"290 A-B";5;-54.4;6.4;14.5;1.02;0.0473;1.1022;"10G_MPR_NDOGBONG_3 - MPR_MISSOKE_UNIVERSITE_1";"Meteo_IUT";0.1935786714251;290;"Orange"
2021-09-01 17:55:00;"290 A-B";NA;NA;5.6;14.5;1.02;0.0473;1.1022;"10G_MPR_NDOGBONG_3 - MPR_MISSOKE_UNIVERSITE_1";"Meteo_IUT";0.1935786714251;290;"Orange"
2021-09-01 18:10:00;"290 A-B";NA;NA;3.2;14.5;1.02;0.0473;1.1022;"10G_MPR_NDOGBONG_3 - MPR_MISSOKE_UNIVERSITE_1";"Meteo_IUT";0.1935786714251;290;"Orange"
2021-09-01 18:25:00;"290 A-B";NA;NA;4.8;14.5;1.02;0.0473;1.1022;"10G_MPR_NDOGBONG_3 - MPR_MISSOKE_UNIVERSITE_1";"Meteo_IUT";0.1935786714251;290;"Orange"
2021-09-01 18:40:00;"290 A-B";5;-53.9;4;14.5;1.02;0.0473;1.1022;"10G_MPR_NDOGBONG_3 - MPR_MISSOKE_UNIVERSITE_1";"Meteo_IUT";0.1935786714251;290;"Orange"
2021-09-01 18:55:00;"290 A-B";5.7;-54.3;16;14.5;1.02;0.0473;1.1022;"10G_MPR_NDOGBONG_3 - MPR_MISSOKE_UNIVERSITE_1";"Meteo_IUT";0.1935786714251;290;"Orange"
2021-09-01 19:10:00;"290 A-B";NA;NA;13.6;14.5;1.02;0.0473;1.1022;"10G_MPR_NDOGBONG_3 - MPR_MISSOKE_UNIVERSITE_1";"Meteo_IUT";0.1935786714251;290;"Orange"
2021-09-01 19:25:00;"290 A-B";5.7;-54;13.6;14.5;1.02;0.0473;1.1022;"10G_MPR_NDOGBONG_3 - MPR_MISSOKE_UNIVERSITE_1";"Meteo_IUT";0.1935786714251;290;"Orange"
2021-09-01 19:40:00;"290 A-B";NA;NA;4.8;14.5;1.02;0.0473;1.1022;"10G_MPR_NDOGBONG_3 - MPR_MISSOKE_UNIVERSITE_1";"Meteo_IUT";0.1935786714251;290;"Orange"
2021-09-01 19:55:00;"290 A-B";NA;NA;3.2;14.5;1.02;0.0473;1.1022;"10G_MPR_NDOGBONG_3 - MPR_MISSOKE_UNIVERSITE_1";"Meteo_IUT";0.1935786714251;290;"Orange"
2021-09-01 20:10:00;"290 A-B";NA;NA;3.2;14.5;1.02;0.0473;1.1022;"10G_MPR_NDOGBONG_3 - MPR_MISSOKE_UNIVERSITE_1";"Meteo_IUT";0.1935786714251;290;"Orange"
2021-09-01 20:25:00;"290 A-B";NA;NA;4.8;14.5;1.02;0.0473;1.1022;"10G_MPR_NDOGBONG_3 - MPR_MISSOKE_UNIVERSITE_1";"Meteo_IUT";0.1935786714251;290;"Orange"
2021-09-01 20:40:00;"290 A-B";NA;NA;2.4;14.5;1.02;0.0473;1.1022;"10G_MPR_NDOGBONG_3 - MPR_MISSOKE_UNIVERSITE_1";"Meteo_IUT";0.1935786714251;290;"Orange"
2021-09-01 20:55:00;"290 A-B";5;-53.8;1.6;14.5;1.02;0.0473;1.1022;"10G_MPR_NDOGBONG_3 - MPR_MISSOKE_UNIVERSITE_1";"Meteo_IUT";0.1935786714251;290;"Orange"
2021-09-01 21:10:00;"290 A-B";5;-54.3;4.8;14.5;1.02;0.0473;1.1022;"10G_MPR_NDOGBONG_3 - MPR_MISSOKE_UNIVERSITE_1";"Meteo_IUT";0.1935786714251;290;"Orange"
2021-09-01 21:25:00;"290 A-B";NA;NA;7.2;14.5;1.02;0.0473;1.1022;"10G_MPR_NDOGBONG_3 - MPR_MISSOKE_UNIVERSITE_1";"Meteo_IUT";0.1935786714251;290;"Orange"
2021-09-01 21:40:00;"290 A-B";5.5;-54.2;4.8;14.5;1.02;0.0473;1.1022;"10G_MPR_NDOGBONG_3 - MPR_MISSOKE_UNIVERSITE_1";"Meteo_IUT";0.1935786714251;290;"Orange"
2021-09-01 21:55:00;"290 A-B";5.3;-53.9;6.4;14.5;1.02;0.0473;1.1022;"10G_MPR_NDOGBONG_3 - MPR_MISSOKE_UNIVERSITE_1";"Meteo_IUT";0.1935786714251;290;"Orange"
2021-09-01 22:10:00;"290 A-B";5.4;-54.1;4.8;14.5;1.02;0.0473;1.1022;"10G_MPR_NDOGBONG_3 - MPR_MISSOKE_UNIVERSITE_1";"Meteo_IUT";0.1935786714251;290;"Orange"
2021-09-01 22:25:00;"290 A-B";5.1;-53.9;2.4;14.5;1.02;0.0473;1.1022;"10G_MPR_NDOGBONG_3 - MPR_MISSOKE_UNIVERSITE_1";"Meteo_IUT";0.1935786714251;290;"Orange"
2021-09-01 22:40:00;"290 A-B";5;-53.8;4;14.5;1.02;0.0473;1.1022;"10G_MPR_NDOGBONG_3 - MPR_MISSOKE_UNIVERSITE_1";"Meteo_IUT";0.1935786714251;290;"Orange"
2021-09-01 22:55:00;"290 A-B";5;-53.7;3.2;14.5;1.02;0.0473;1.1022;"10G_MPR_NDOGBONG_3 - MPR_MISSOKE_UNIVERSITE_1";"Meteo_IUT";0.1935786714251;290;"Orange"
2021-09-01 23:10:00;"290 A-B";5;-53.6;3.2;14.5;1.02;0.0473;1.1022;"10G_MPR_NDOGBONG_3 - MPR_MISSOKE_UNIVERSITE_1";"Meteo_IUT";0.1935786714251;290;"Orange"
2021-09-01 23:25:00;"290 A-B";5;-53.4;0.8;14.5;1.02;0.0473;1.1022;"10G_MPR_NDOGBONG_3 - MPR_MISSOKE_UNIVERSITE_1";"Meteo_IUT";0.1935786714251;290;"Orange"
2021-09-01 23:40:00;"290 A-B";5;-53;0;14.5;1.02;0.0473;1.1022;"10G_MPR_NDOGBONG_3 - MPR_MISSOKE_UNIVERSITE_1";"Meteo_IUT";0.1935786714251;290;"Orange"
2021-09-01 23:55:00;"290 A-B";5;-52.8;0;14.5;1.02;0.0473;1.1022;"10G_MPR_NDOGBONG_3 - MPR_MISSOKE_UNIVERSITE_1";"Meteo_IUT";0.1935786714251;290;"Orange"
2021-09-02 00:10:00;"290 A-B";5;-53;0;14.5;1.02;0.0473;1.1022;"10G_MPR_NDOGBONG_3 - MPR_MISSOKE_UNIVERSITE_1";"Meteo_IUT";0.1935786714251;290;"Orange"
2021-09-02 00:25:00;"290 A-B";5;-54.3;2.4;14.5;1.02;0.0473;1.1022;"10G_MPR_NDOGBONG_3 - MPR_MISSOKE_UNIVERSITE_1";"Meteo_IUT";0.1935786714251;290;"Orange"
2021-09-02 00:40:00;"290 A-B";5;-54.4;4.8;14.5;1.02;0.0473;1.1022;"10G_MPR_NDOGBONG_3 - MPR_MISSOKE_UNIVERSITE_1";"Meteo_IUT";0.1935786714251;290;"Orange"
2021-09-02 00:55:00;"290 A-B";5;-54.1;4.8;14.5;1.02;0.0473;1.1022;"10G_MPR_NDOGBONG_3 - MPR_MISSOKE_UNIVERSITE_1";"Meteo_IUT";0.1935786714251;290;"Orange"
2021-09-02 01:10:00;"290 A-B";5;-54.1;2.4;14.5;1.02;0.0473;1.1022;"10G_MPR_NDOGBONG_3 - MPR_MISSOKE_UNIVERSITE_1";"Meteo_IUT";0.1935786714251;290;"Orange"
2021-09-02 01:25:00;"290 A-B";5;-53.9;3.2;14.5;1.02;0.0473;1.1022;"10G_MPR_NDOGBONG_3 - MPR_MISSOKE_UNIVERSITE_1";"Meteo_IUT";0.1935786714251;290;"Orange"
2021-09-02 01:40:00;"290 A-B";5;-53.9;1.6;14.5;1.02;0.0473;1.1022;"10G_MPR_NDOGBONG_3 - MPR_MISSOKE_UNIVERSITE_1";"Meteo_IUT";0.1935786714251;290;"Orange"
2021-09-02 01:55:00;"290 A-B";5;-53.6;0.8;14.5;1.02;0.0473;1.1022;"10G_MPR_NDOGBONG_3 - MPR_MISSOKE_UNIVERSITE_1";"Meteo_IUT";0.1935786714251;290;"Orange"
2021-09-02 02:10:00;"290 A-B";5;-53.3;0.8;14.5;1.02;0.0473;1.1022;"10G_MPR_NDOGBONG_3 - MPR_MISSOKE_UNIVERSITE_1";"Meteo_IUT";0.1935786714251;290;"Orange"
2021-09-02 02:25:00;"290 A-B";5;-53.3;0;14.5;1.02;0.0473;1.1022;"10G_MPR_NDOGBONG_3 - MPR_MISSOKE_UNIVERSITE_1";"Meteo_IUT";0.1935786714251;290;"Orange"
2021-09-02 02:40:00;"290 A-B";5;-53.1;0;14.5;1.02;0.0473;1.1022;"10G_MPR_NDOGBONG_3 - MPR_MISSOKE_UNIVERSITE_1";"Meteo_IUT";0.1935786714251;290;"Orange"
2021-09-02 02:55:00;"290 A-B";5;-52.9;0;14.5;1.02;0.0473;1.1022;"10G_MPR_NDOGBONG_3 - MPR_MISSOKE_UNIVERSITE_1";"Meteo_IUT";0.1935786714251;290;"Orange"
2021-09-02 03:10:00;"290 A-B";5;-52.8;0;14.5;1.02;0.0473;1.1022;"10G_MPR_NDOGBONG_3 - MPR_MISSOKE_UNIVERSITE_1";"Meteo_IUT";0.1935786714251;290;"Orange"
2021-09-02 03:25:00;"290 A-B";5;-52.8;0;14.5;1.02;0.0473;1.1022;"10G_MPR_NDOGBONG_3 - MPR_MISSOKE_UNIVERSITE_1";"Meteo_IUT";0.1935786714251;290;"Orange"
2021-09-02 03:40:00;"290 A-B";5;-52.6;0;14.5;1.02;0.0473;1.1022;"10G_MPR_NDOGBONG_3 - MPR_MISSOKE_UNIVERSITE_1";"Meteo_IUT";0.1935786714251;290;"Orange"
2021-09-02 03:55:00;"290 A-B";5;-52.5;0;14.5;1.02;0.0473;1.1022;"10G_MPR_NDOGBONG_3 - MPR_MISSOKE_UNIVERSITE_1";"Meteo_IUT";0.1935786714251;290;"Orange"
2021-09-02 04:10:00;"290 A-B";5;-52.5;0;14.5;1.02;0.0473;1.1022;"10G_MPR_NDOGBONG_3 - MPR_MISSOKE_UNIVERSITE_1";"Meteo_IUT";0.1935786714251;290;"Orange"
2021-09-02 04:25:00;"290 A-B";5;-52.5;0;14.5;1.02;0.0473;1.1022;"10G_MPR_NDOGBONG_3 - MPR_MISSOKE_UNIVERSITE_1";"Meteo_IUT";0.1935786714251;290;"Orange"
2021-09-02 04:40:00;"290 A-B";5;-52.6;0;14.5;1.02;0.0473;1.1022;"10G_MPR_NDOGBONG_3 - MPR_MISSOKE_UNIVERSITE_1";"Meteo_IUT";0.1935786714251;290;"Orange"
2021-09-02 04:55:00;"290 A-B";5;-52.7;0;14.5;1.02;0.0473;1.1022;"10G_MPR_NDOGBONG_3 - MPR_MISSOKE_UNIVERSITE_1";"Meteo_IUT";0.1935786714251;290;"Orange"
2021-09-02 05:10:00;"290 A-B";5;-52.7;0;14.5;1.02;0.0473;1.1022;"10G_MPR_NDOGBONG_3 - MPR_MISSOKE_UNIVERSITE_1";"Meteo_IUT";0.1935786714251;290;"Orange"
2021-09-02 05:25:00;"290 A-B";5;-52.7;0;14.5;1.02;0.0473;1.1022;"10G_MPR_NDOGBONG_3 - MPR_MISSOKE_UNIVERSITE_1";"Meteo_IUT";0.1935786714251;290;"Orange"
2021-09-02 05:40:00;"290 A-B";5;-52.8;0;14.5;1.02;0.0473;1.1022;"10G_MPR_NDOGBONG_3 - MPR_MISSOKE_UNIVERSITE_1";"Meteo_IUT";0.1935786714251;290;"Orange"
2021-09-02 05:55:00;"290 A-B";5;-52.8;0;14.5;1.02;0.0473;1.1022;"10G_MPR_NDOGBONG_3 - MPR_MISSOKE_UNIVERSITE_1";"Meteo_IUT";0.1935786714251;290;"Orange"
2021-09-02 06:10:00;"290 A-B";5;-52.8;0;14.5;1.02;0.0473;1.1022;"10G_MPR_NDOGBONG_3 - MPR_MISSOKE_UNIVERSITE_1";"Meteo_IUT";0.1935786714251;290;"Orange"
2021-09-02 06:25:00;"290 A-B";5;-52.8;0;14.5;1.02;0.0473;1.1022;"10G_MPR_NDOGBONG_3 - MPR_MISSOKE_UNIVERSITE_1";"Meteo_IUT";0.1935786714251;290;"Orange"
2021-09-02 06:40:00;"290 A-B";NA;NA;0;14.5;1.02;0.0473;1.1022;"10G_MPR_NDOGBONG_3 - MPR_MISSOKE_UNIVERSITE_1";"Meteo_IUT";0.1935786714251;290;"Orange"
2021-09-02 06:55:00;"290 A-B";5;-52.9;0;14.5;1.02;0.0473;1.1022;"10G_MPR_NDOGBONG_3 - MPR_MISSOKE_UNIVERSITE_1";"Meteo_IUT";0.1935786714251;290;"Orange"
2021-09-02 07:10:00;"290 A-B";NA;NA;0;14.5;1.02;0.0473;1.1022;"10G_MPR_NDOGBONG_3 - MPR_MISSOKE_UNIVERSITE_1";"Meteo_IUT";0.1935786714251;290;"Orange"
2021-09-02 07:25:00;"290 A-B";NA;NA;0;14.5;1.02;0.0473;1.1022;"10G_MPR_NDOGBONG_3 - MPR_MISSOKE_UNIVERSITE_1";"Meteo_IUT";0.1935786714251;290;"Orange"
2021-09-02 07:40:00;"290 A-B";5;-52.9;0;14.5;1.02;0.0473;1.1022;"10G_MPR_NDOGBONG_3 - MPR_MISSOKE_UNIVERSITE_1";"Meteo_IUT";0.1935786714251;290;"Orange"
2021-09-02 07:55:00;"290 A-B";5;-53;0;14.5;1.02;0.0473;1.1022;"10G_MPR_NDOGBONG_3 - MPR_MISSOKE_UNIVERSITE_1";"Meteo_IUT";0.1935786714251;290;"Orange"
2021-09-02 08:10:00;"290 A-B";5;-53;0;14.5;1.02;0.0473;1.1022;"10G_MPR_NDOGBONG_3 - MPR_MISSOKE_UNIVERSITE_1";"Meteo_IUT";0.1935786714251;290;"Orange"
2021-09-02 08:25:00;"290 A-B";5;-53.1;0;14.5;1.02;0.0473;1.1022;"10G_MPR_NDOGBONG_3 - MPR_MISSOKE_UNIVERSITE_1";"Meteo_IUT";0.1935786714251;290;"Orange"
2021-09-02 08:40:00;"290 A-B";5;-53.1;0;14.5;1.02;0.0473;1.1022;"10G_MPR_NDOGBONG_3 - MPR_MISSOKE_UNIVERSITE_1";"Meteo_IUT";0.1935786714251;290;"Orange"
2021-09-02 08:55:00;"290 A-B";NA;NA;0;14.5;1.02;0.0473;1.1022;"10G_MPR_NDOGBONG_3 - MPR_MISSOKE_UNIVERSITE_1";"Meteo_IUT";0.1935786714251;290;"Orange"
2021-09-02 09:10:00;"290 A-B";NA;NA;0;14.5;1.02;0.0473;1.1022;"10G_MPR_NDOGBONG_3 - MPR_MISSOKE_UNIVERSITE_1";"Meteo_IUT";0.1935786714251;290;"Orange"
2021-09-02 09:25:00;"290 A-B";5;-53.1;0;14.5;1.02;0.0473;1.1022;"10G_MPR_NDOGBONG_3 - MPR_MISSOKE_UNIVERSITE_1";"Meteo_IUT";0.1935786714251;290;"Orange"
2021-09-02 09:40:00;"290 A-B";5;-53.1;0;14.5;1.02;0.0473;1.1022;"10G_MPR_NDOGBONG_3 - MPR_MISSOKE_UNIVERSITE_1";"Meteo_IUT";0.1935786714251;290;"Orange"
2021-09-02 09:55:00;"290 A-B";NA;NA;0;14.5;1.02;0.0473;1.1022;"10G_MPR_NDOGBONG_3 - MPR_MISSOKE_UNIVERSITE_1";"Meteo_IUT";0.1935786714251;290;"Orange"
2021-09-02 10:10:00;"290 A-B";5;-53;0;14.5;1.02;0.0473;1.1022;"10G_MPR_NDOGBONG_3 - MPR_MISSOKE_UNIVERSITE_1";"Meteo_IUT";0.1935786714251;290;"Orange"
2021-09-02 10:25:00;"290 A-B";NA;NA;4;14.5;1.02;0.0473;1.1022;"10G_MPR_NDOGBONG_3 - MPR_MISSOKE_UNIVERSITE_1";"Meteo_IUT";0.1935786714251;290;"Orange"
2021-09-02 10:40:00;"290 A-B";5;-52.9;0.8;14.5;1.02;0.0473;1.1022;"10G_MPR_NDOGBONG_3 - MPR_MISSOKE_UNIVERSITE_1";"Meteo_IUT";0.1935786714251;290;"Orange"
2021-09-02 10:55:00;"290 A-B";5;-53.1;0.8;14.5;1.02;0.0473;1.1022;"10G_MPR_NDOGBONG_3 - MPR_MISSOKE_UNIVERSITE_1";"Meteo_IUT";0.1935786714251;290;"Orange"
2021-09-02 11:10:00;"290 A-B";5;-52.9;0;14.5;1.02;0.0473;1.1022;"10G_MPR_NDOGBONG_3 - MPR_MISSOKE_UNIVERSITE_1";"Meteo_IUT";0.1935786714251;290;"Orange"
2021-09-02 11:25:00;"290 A-B";5.3;-53.6;4;14.5;1.02;0.0473;1.1022;"10G_MPR_NDOGBONG_3 - MPR_MISSOKE_UNIVERSITE_1";"Meteo_IUT";0.1935786714251;290;"Orange"
2021-09-02 11:40:00;"290 A-B";7.8;-54;35.2;14.5;1.02;0.0473;1.1022;"10G_MPR_NDOGBONG_3 - MPR_MISSOKE_UNIVERSITE_1";"Meteo_IUT";0.1935786714251;290;"Orange"
2021-09-02 11:55:00;"290 A-B";5.2;-53.6;3.2;14.5;1.02;0.0473;1.1022;"10G_MPR_NDOGBONG_3 - MPR_MISSOKE_UNIVERSITE_1";"Meteo_IUT";0.1935786714251;290;"Orange"
2021-09-02 12:10:00;"290 A-B";5;-53.4;0.8;14.5;1.02;0.0473;1.1022;"10G_MPR_NDOGBONG_3 - MPR_MISSOKE_UNIVERSITE_1";"Meteo_IUT";0.1935786714251;290;"Orange"
2021-09-02 12:25:00;"290 A-B";5;-53.6;1.6;14.5;1.02;0.0473;1.1022;"10G_MPR_NDOGBONG_3 - MPR_MISSOKE_UNIVERSITE_1";"Meteo_IUT";0.1935786714251;290;"Orange"
2021-09-02 12:40:00;"290 A-B";5;-53.3;0;14.5;1.02;0.0473;1.1022;"10G_MPR_NDOGBONG_3 - MPR_MISSOKE_UNIVERSITE_1";"Meteo_IUT";0.1935786714251;290;"Orange"
2021-09-02 12:55:00;"290 A-B";5;-54.2;3.2;14.5;1.02;0.0473;1.1022;"10G_MPR_NDOGBONG_3 - MPR_MISSOKE_UNIVERSITE_1";"Meteo_IUT";0.1935786714251;290;"Orange"
2021-09-02 13:10:00;"290 A-B";5.2;-54.2;6.4;14.5;1.02;0.0473;1.1022;"10G_MPR_NDOGBONG_3 - MPR_MISSOKE_UNIVERSITE_1";"Meteo_IUT";0.1935786714251;290;"Orange"
2021-09-02 13:25:00;"290 A-B";5.2;-54;5.6;14.5;1.02;0.0473;1.1022;"10G_MPR_NDOGBONG_3 - MPR_MISSOKE_UNIVERSITE_1";"Meteo_IUT";0.1935786714251;290;"Orange"
2021-09-02 13:40:00;"290 A-B";5.4;-54.4;9.6;14.5;1.02;0.0473;1.1022;"10G_MPR_NDOGBONG_3 - MPR_MISSOKE_UNIVERSITE_1";"Meteo_IUT";0.1935786714251;290;"Orange"
2021-09-02 13:55:00;"290 A-B";5.9;-54.2;14.4;14.5;1.02;0.0473;1.1022;"10G_MPR_NDOGBONG_3 - MPR_MISSOKE_UNIVERSITE_1";"Meteo_IUT";0.1935786714251;290;"Orange"
2021-09-02 14:10:00;"290 A-B";5;-54;3.2;14.5;1.02;0.0473;1.1022;"10G_MPR_NDOGBONG_3 - MPR_MISSOKE_UNIVERSITE_1";"Meteo_IUT";0.1935786714251;290;"Orange"
2021-09-02 14:25:00;"290 A-B";5;-53.7;0.8;14.5;1.02;0.0473;1.1022;"10G_MPR_NDOGBONG_3 - MPR_MISSOKE_UNIVERSITE_1";"Meteo_IUT";0.1935786714251;290;"Orange"
2021-09-02 14:40:00;"290 A-B";5.4;-54.2;7.2;14.5;1.02;0.0473;1.1022;"10G_MPR_NDOGBONG_3 - MPR_MISSOKE_UNIVERSITE_1";"Meteo_IUT";0.1935786714251;290;"Orange"
2021-09-02 14:55:00;"290 A-B";5;-54;3.2;14.5;1.02;0.0473;1.1022;"10G_MPR_NDOGBONG_3 - MPR_MISSOKE_UNIVERSITE_1";"Meteo_IUT";0.1935786714251;290;"Orange"
2021-09-02 15:10:00;"290 A-B";5.9;-54.2;12;14.5;1.02;0.0473;1.1022;"10G_MPR_NDOGBONG_3 - MPR_MISSOKE_UNIVERSITE_1";"Meteo_IUT";0.1935786714251;290;"Orange"
2021-09-02 15:25:00;"290 A-B";6.2;-54;18.4;14.5;1.02;0.0473;1.1022;"10G_MPR_NDOGBONG_3 - MPR_MISSOKE_UNIVERSITE_1";"Meteo_IUT";0.1935786714251;290;"Orange"
2021-09-02 15:40:00;"290 A-B";5.1;-53.6;4;14.5;1.02;0.0473;1.1022;"10G_MPR_NDOGBONG_3 - MPR_MISSOKE_UNIVERSITE_1";"Meteo_IUT";0.1935786714251;290;"Orange"
2021-09-02 15:55:00;"290 A-B";5;-52.8;0;14.5;1.02;0.0473;1.1022;"10G_MPR_NDOGBONG_3 - MPR_MISSOKE_UNIVERSITE_1";"Meteo_IUT";0.1935786714251;290;"Orange"
2021-09-02 16:10:00;"290 A-B";5;-52.7;0;14.5;1.02;0.0473;1.1022;"10G_MPR_NDOGBONG_3 - MPR_MISSOKE_UNIVERSITE_1";"Meteo_IUT";0.1935786714251;290;"Orange"
2021-09-02 16:25:00;"290 A-B";5;-52.7;0;14.5;1.02;0.0473;1.1022;"10G_MPR_NDOGBONG_3 - MPR_MISSOKE_UNIVERSITE_1";"Meteo_IUT";0.1935786714251;290;"Orange"
2021-09-02 16:40:00;"290 A-B";5;-52.6;0;14.5;1.02;0.0473;1.1022;"10G_MPR_NDOGBONG_3 - MPR_MISSOKE_UNIVERSITE_1";"Meteo_IUT";0.1935786714251;290;"Orange"
2021-09-02 16:55:00;"290 A-B";5;-52.7;0;14.5;1.02;0.0473;1.1022;"10G_MPR_NDOGBONG_3 - MPR_MISSOKE_UNIVERSITE_1";"Meteo_IUT";0.1935786714251;290;"Orange"
2021-09-02 17:10:00;"290 A-B";5.1;-53.4;2.4;14.5;1.02;0.0473;1.1022;"10G_MPR_NDOGBONG_3 - MPR_MISSOKE_UNIVERSITE_1";"Meteo_IUT";0.1935786714251;290;"Orange"
2021-09-02 17:25:00;"290 A-B";5;-53.1;0;14.5;1.02;0.0473;1.1022;"10G_MPR_NDOGBONG_3 - MPR_MISSOKE_UNIVERSITE_1";"Meteo_IUT";0.1935786714251;290;"Orange"
2021-09-02 17:40:00;"290 A-B";5;-52.7;0;14.5;1.02;0.0473;1.1022;"10G_MPR_NDOGBONG_3 - MPR_MISSOKE_UNIVERSITE_1";"Meteo_IUT";0.1935786714251;290;"Orange"
2021-09-02 17:55:00;"290 A-B";NA;NA;0;14.5;1.02;0.0473;1.1022;"10G_MPR_NDOGBONG_3 - MPR_MISSOKE_UNIVERSITE_1";"Meteo_IUT";0.1935786714251;290;"Orange"
2021-09-02 18:10:00;"290 A-B";NA;NA;0;14.5;1.02;0.0473;1.1022;"10G_MPR_NDOGBONG_3 - MPR_MISSOKE_UNIVERSITE_1";"Meteo_IUT";0.1935786714251;290;"Orange"
2021-09-02 18:25:00;"290 A-B";NA;NA;0.8;14.5;1.02;0.0473;1.1022;"10G_MPR_NDOGBONG_3 - MPR_MISSOKE_UNIVERSITE_1";"Meteo_IUT";0.1935786714251;290;"Orange"
2021-09-02 18:40:00;"290 A-B";NA;NA;0.8;14.5;1.02;0.0473;1.1022;"10G_MPR_NDOGBONG_3 - MPR_MISSOKE_UNIVERSITE_1";"Meteo_IUT";0.1935786714251;290;"Orange"
2021-09-02 18:55:00;"290 A-B";NA;NA;8;14.5;1.02;0.0473;1.1022;"10G_MPR_NDOGBONG_3 - MPR_MISSOKE_UNIVERSITE_1";"Meteo_IUT";0.1935786714251;290;"Orange"
2021-09-02 19:10:00;"290 A-B";NA;NA;14.4;14.5;1.02;0.0473;1.1022;"10G_MPR_NDOGBONG_3 - MPR_MISSOKE_UNIVERSITE_1";"Meteo_IUT";0.1935786714251;290;"Orange"
2021-09-02 19:25:00;"290 A-B";NA;NA;28;14.5;1.02;0.0473;1.1022;"10G_MPR_NDOGBONG_3 - MPR_MISSOKE_UNIVERSITE_1";"Meteo_IUT";0.1935786714251;290;"Orange"
2021-09-02 19:40:00;"290 A-B";5.5;-53.8;4.8;14.5;1.02;0.0473;1.1022;"10G_MPR_NDOGBONG_3 - MPR_MISSOKE_UNIVERSITE_1";"Meteo_IUT";0.1935786714251;290;"Orange"
2021-09-02 19:55:00;"290 A-B";5;-54.2;4.8;14.5;1.02;0.0473;1.1022;"10G_MPR_NDOGBONG_3 - MPR_MISSOKE_UNIVERSITE_1";"Meteo_IUT";0.1935786714251;290;"Orange"
2021-09-02 20:10:00;"290 A-B";NA;NA;12;14.5;1.02;0.0473;1.1022;"10G_MPR_NDOGBONG_3 - MPR_MISSOKE_UNIVERSITE_1";"Meteo_IUT";0.1935786714251;290;"Orange"
2021-09-02 20:25:00;"290 A-B";NA;NA;7.2;14.5;1.02;0.0473;1.1022;"10G_MPR_NDOGBONG_3 - MPR_MISSOKE_UNIVERSITE_1";"Meteo_IUT";0.1935786714251;290;"Orange"
2021-09-02 20:40:00;"290 A-B";NA;NA;4;14.5;1.02;0.0473;1.1022;"10G_MPR_NDOGBONG_3 - MPR_MISSOKE_UNIVERSITE_1";"Meteo_IUT";0.1935786714251;290;"Orange"
2021-09-02 20:55:00;"290 A-B";NA;NA;7.2;14.5;1.02;0.0473;1.1022;"10G_MPR_NDOGBONG_3 - MPR_MISSOKE_UNIVERSITE_1";"Meteo_IUT";0.1935786714251;290;"Orange"
2021-09-02 21:10:00;"290 A-B";9.3;-54.3;44;14.5;1.02;0.0473;1.1022;"10G_MPR_NDOGBONG_3 - MPR_MISSOKE_UNIVERSITE_1";"Meteo_IUT";0.1935786714251;290;"Orange"
2021-09-02 21:25:00;"290 A-B";8.3;-54.2;34.4;14.5;1.02;0.0473;1.1022;"10G_MPR_NDOGBONG_3 - MPR_MISSOKE_UNIVERSITE_1";"Meteo_IUT";0.1935786714251;290;"Orange"
2021-09-02 21:40:00;"290 A-B";6.9;-53.8;28;14.5;1.02;0.0473;1.1022;"10G_MPR_NDOGBONG_3 - MPR_MISSOKE_UNIVERSITE_1";"Meteo_IUT";0.1935786714251;290;"Orange"
2021-09-02 21:55:00;"290 A-B";5.1;-54;5.6;14.5;1.02;0.0473;1.1022;"10G_MPR_NDOGBONG_3 - MPR_MISSOKE_UNIVERSITE_1";"Meteo_IUT";0.1935786714251;290;"Orange"
2021-09-02 22:10:00;"290 A-B";5;-53.8;2.4;14.5;1.02;0.0473;1.1022;"10G_MPR_NDOGBONG_3 - MPR_MISSOKE_UNIVERSITE_1";"Meteo_IUT";0.1935786714251;290;"Orange"
2021-09-02 22:25:00;"290 A-B";5;-53.9;1.6;14.5;1.02;0.0473;1.1022;"10G_MPR_NDOGBONG_3 - MPR_MISSOKE_UNIVERSITE_1";"Meteo_IUT";0.1935786714251;290;"Orange"
2021-09-02 22:40:00;"290 A-B";5;-54.3;4.8;14.5;1.02;0.0473;1.1022;"10G_MPR_NDOGBONG_3 - MPR_MISSOKE_UNIVERSITE_1";"Meteo_IUT";0.1935786714251;290;"Orange"
2021-09-02 22:55:00;"290 A-B";5.7;-53.7;4.8;14.5;1.02;0.0473;1.1022;"10G_MPR_NDOGBONG_3 - MPR_MISSOKE_UNIVERSITE_1";"Meteo_IUT";0.1935786714251;290;"Orange"
2021-09-02 23:10:00;"290 A-B";5;-53.6;1.6;14.5;1.02;0.0473;1.1022;"10G_MPR_NDOGBONG_3 - MPR_MISSOKE_UNIVERSITE_1";"Meteo_IUT";0.1935786714251;290;"Orange"
2021-09-02 23:25:00;"290 A-B";5;-53.4;0.8;14.5;1.02;0.0473;1.1022;"10G_MPR_NDOGBONG_3 - MPR_MISSOKE_UNIVERSITE_1";"Meteo_IUT";0.1935786714251;290;"Orange"
2021-09-02 23:40:00;"290 A-B";5;-53.4;0;14.5;1.02;0.0473;1.1022;"10G_MPR_NDOGBONG_3 - MPR_MISSOKE_UNIVERSITE_1";"Meteo_IUT";0.1935786714251;290;"Orange"
2021-09-02 23:55:00;"290 A-B";5;-53.4;0.8;14.5;1.02;0.0473;1.1022;"10G_MPR_NDOGBONG_3 - MPR_MISSOKE_UNIVERSITE_1";"Meteo_IUT";0.1935786714251;290;"Orange"
